,YEAR,TEAM,SEED,ROUND,WAB,BADJ EM,BARTHAG,TALENT,ELITE SOS,WIN%,PPPO,K OFF
68,2023,Alabama,1,16,10.2,27.1,0.956,66.119,33.7,85.29411765,1.106,110.862
69,2023,Arizona,2,64,7.6,24.3,0.932,73.326,29.572,82.35294118,1.134,113.208
70,2023,Arizona St.,11,64,1.3,12.0,0.8,48.279,28.637,64.70588235,1.006,100.983
71,2023,Arkansas,8,16,0.4,18.7,0.894,70.997,30.654,60.60606061,1.058,105.743
72,2023,Auburn,9,32,1.1,17.7,0.881,47.081,30.519,62.5,1.054,105.387
73,2023,Baylor,3,32,5.3,21.4,0.904,57.276,36.633,68.75,1.132,113.141
74,2023,Boise St.,10,64,2.3,15.3,0.852,17.176,24.425,71.875,1.058,105.781
75,2023,Colgate,15,64,-3.6,5.9,0.651,0.2,8.434,75.75757576,1.15,114.974
76,2023,College of Charleston,12,64,1.7,11.5,0.782,0.2,8.862,90.90909091,1.126,112.46
77,2023,Connecticut,4,1,4.9,26.4,0.947,62.486,29.244,75.75757576,1.144,114.228
78,2023,Creighton,6,8,1.9,21.0,0.913,67.359,32.269,63.63636364,1.095,109.592
79,2023,Drake,12,64,-0.7,11.8,0.791,12.076,12.124,78.78787879,1.084,108.714
80,2023,Duke,5,32,4.5,18.8,0.892,81.592,26.527,76.47058824,1.1,110.245
81,2023,Fairleigh Dickinson,16,32,-12.2,-12.4,0.216,0.2,5.422,53.125,1.088,108.88
82,2023,Florida Atlantic,9,4,4.8,17.4,0.874,17.083,16.095,90.625,1.129,112.947
83,2023,Furman,13,32,-2.0,7.8,0.697,4.159,10.319,77.41935484,1.155,115.465
84,2023,Gonzaga,3,8,6.8,24.0,0.925,76.992,26.846,84.375,1.205,120.383
85,2023,Grand Canyon,14,64,-3.7,5.3,0.639,20.262,14.646,65.625,1.088,108.542
86,2023,Houston,1,16,8.1,29.1,0.964,68.424,23.376,91.17647059,1.158,116.021
87,2023,Howard,16,64,-7.3,-4.8,0.37,10.987,9.971,61.29032258,1.033,103.037
88,2023,Illinois,9,64,0.9,14.6,0.839,80.461,30.112,62.5,1.065,106.287
89,2023,Indiana,4,32,3.4,16.7,0.864,83.728,33.014,66.66666667,1.092,108.931
90,2023,Iona,13,64,-1.6,11.8,0.789,4.177,9.85,79.41176471,1.105,110.689
91,2023,Iowa,8,64,0.3,16.2,0.844,48.548,30.692,59.375,1.139,113.509
92,2023,Iowa St.,6,64,2.4,18.2,0.893,35.584,37.116,59.375,1.031,103.094
93,2023,Kansas,1,32,10.1,21.4,0.918,69.643,38.229,79.41176471,1.062,106.078
94,2023,Kansas St.,3,8,4.3,17.2,0.875,48.155,30.879,71.875,1.051,104.952
95,2023,Kennesaw St.,14,64,-1.4,4.5,0.623,21.424,14.413,74.19354839,1.054,105.334
96,2023,Kent St.,13,64,0.9,11.0,0.779,0.364,14.799,81.25,1.088,108.778
97,2023,Kentucky,6,32,1.6,16.9,0.862,61.864,29.746,65.625,1.115,111.767
98,2023,Louisiana Lafayette,13,64,-0.5,8.5,0.715,25.412,14.493,76.66666667,1.096,109.745
99,2023,Marquette,2,32,7.6,23.0,0.922,59.052,30.614,82.35294118,1.132,113.246
100,2023,Maryland,8,32,1.0,16.5,0.863,44.421,29.227,63.63636364,1.086,109.025
101,2023,Memphis,8,64,4.7,19.7,0.899,47.843,27.313,76.47058824,1.088,108.548
102,2023,Miami FL,5,4,3.7,15.9,0.842,44.964,23.676,78.125,1.147,114.539
103,2023,Michigan St.,7,16,2.4,16.6,0.864,70.568,34.618,61.29032258,1.06,105.971
104,2023,Mississippi St.,11,68,0.4,11.6,0.799,32.329,28.179,63.63636364,0.999,100.199
105,2023,Missouri,7,32,3.5,13.7,0.806,21.934,28.374,72.72727273,1.123,112.445
106,2023,Montana St.,14,64,-2.6,7.1,0.693,12.887,13.113,71.875,1.051,105.386
107,2023,Nevada,11,68,0.9,12.1,0.795,35.592,24.07,67.74193548,1.063,106.46
108,2023,North Carolina St.,11,64,1.1,15.2,0.84,54.561,24.085,69.6969697,1.115,111.298
109,2023,Northern Kentucky,16,64,-6.7,0.0,0.5,3.153,10.838,62.5,1.044,104.474
110,2023,Northwestern,7,32,1.6,14.9,0.85,46.694,28.65,65.625,1.028,102.638
111,2023,Oral Roberts,12,64,1.6,10.7,0.761,19.093,13.482,86.66666667,1.165,116.53
112,2023,Penn St.,10,32,1.3,15.5,0.84,28.67,29.963,62.85714286,1.101,109.964
113,2023,Pittsburgh,11,32,-0.2,11.0,0.766,25.648,23.352,66.66666667,1.117,111.897
114,2023,Princeton,15,16,-3.2,6.0,0.659,0.2,11.173,70.37037037,1.081,108.055
115,2023,Providence,11,64,1.1,14.5,0.825,60.631,29.545,65.625,1.12,111.864
116,2023,Purdue,1,64,9.4,25.9,0.945,58.603,31.016,85.29411765,1.135,113.435
117,2023,Saint Mary's,5,32,3.6,22.6,0.931,32.764,22.971,78.125,1.103,110.407
118,2023,San Diego St.,5,2,5.8,21.2,0.919,37.236,25.602,81.25,1.064,106.67
119,2023,Southeast Missouri St.,16,68,-11.6,-8.2,0.285,2.128,8.545,51.51515152,1.028,102.664
120,2023,TCU,6,32,2.3,17.0,0.873,60.589,32.804,63.63636364,1.057,105.499
121,2023,Tennessee,4,16,2.8,24.9,0.949,60.04,28.429,69.6969697,1.08,108.476
122,2023,Texas,2,8,7.6,23.0,0.929,67.877,34.531,76.47058824,1.095,109.362
123,2023,Texas A&M,7,64,3.7,18.4,0.885,48.574,27.473,73.52941176,1.087,108.864
124,2023,Texas A&M Corpus Chris,16,64,-6.0,-1.8,0.451,3.833,9.546,65.51724138,1.098,109.864
125,2023,Texas Southern,16,68,-13.5,-9.5,0.25,6.519,14.83,37.5,0.939,94.0655
126,2023,UC Santa Barbara,14,64,-1.4,4.7,0.624,33.348,10.607,78.125,1.096,109.642
127,2023,UCLA,2,16,8.5,25.8,0.951,83.585,28.811,85.29411765,1.098,109.714
128,2023,UNC Asheville,15,64,-1.8,-1.2,0.466,10.661,10.618,78.125,1.047,104.637
129,2023,USC,10,64,2.1,14.4,0.832,71.583,27.758,68.75,1.059,105.647
130,2023,Utah St.,10,64,3.2,17.5,0.869,15.41,22.797,75.75757576,1.121,111.983
131,2023,VCU,12,64,1.0,11.1,0.785,48.265,15.572,79.41176471,1.044,104.381
132,2023,Vermont,15,64,-3.8,6.7,0.676,4.102,13.048,68.75,1.09,109.144
133,2023,Virginia,4,64,4.1,16.9,0.871,54.569,24.745,78.125,1.083,108.334
134,2023,West Virginia,9,64,1.5,19.7,0.895,40.731,35.542,57.57575758,1.088,108.969
135,2023,Xavier,3,16,5.2,20.2,0.895,53.584,31.866,73.52941176,1.129,112.788
136,2022,Akron,13,64,-4.3,2.1,0.558,14.226,9.639,70.96774,1.082,107.883
137,2022,Alabama,6,64,2.0,17.8,0.872,62.2,34.827,59.375,1.087,109.137
138,2022,Arizona,1,16,8.8,25.6,0.943,69.26,24.936,91.17647,1.155,115.613
139,2022,Arkansas,4,8,4.5,17.4,0.88,47.294,27.25,75.75758,1.06,106.057
140,2022,Auburn,2,32,7.4,23.1,0.933,61.608,27.557,84.375,1.085,108.347
141,2022,Baylor,1,32,8.9,26.8,0.952,55.889,35.472,81.25,1.112,111.13
142,2022,Boise St.,8,64,3.5,15.0,0.851,32.117,21.555,78.78788,1.038,103.572
143,2022,Bryant,16,68,-4.8,-1.5,0.458,3.998,9.639,70.0,1.051,105.275
144,2022,Cal St. Fullerton,15,64,-5.1,-1.2,0.466,12.413,10.89,65.51724,1.036,103.807
145,2022,Chattanooga,13,64,0.2,9.9,0.751,20.793,14.52,78.125,1.108,111.059
146,2022,Colgate,14,64,-6.1,2.8,0.576,0.2,9.704,66.66667,1.11,111.011
147,2022,Colorado St.,6,64,4.3,13.8,0.818,19.502,22.01,82.75862,1.105,110.141
148,2022,Connecticut,5,64,3.2,17.8,0.879,54.692,27.203,71.875,1.099,109.555
149,2022,Creighton,9,32,1.9,11.9,0.801,67.849,27.539,66.66667,1.006,100.292
150,2022,Davidson,10,64,2.1,14.2,0.818,36.235,16.861,81.25,1.132,113.241
151,2022,Delaware,15,64,-5.5,3.6,0.597,13.46,12.584,63.63636,1.072,107.166
152,2022,Duke,2,4,7.2,26.0,0.943,91.521,28.364,82.35294,1.169,117.152
153,2022,Georgia St.,16,64,-5.2,1.4,0.54,28.01,12.187,60.0,0.993,99.6748
154,2022,Gonzaga,1,16,6.7,32.4,0.973,86.976,24.951,89.65517,1.19,118.885
155,2022,Houston,5,8,6.2,28.2,0.96,51.79,22.655,85.29412,1.147,114.576
156,2022,Illinois,4,32,4.2,20.5,0.908,54.781,30.786,70.96774,1.102,110.345
157,2022,Indiana,12,64,0.3,17.5,0.884,72.37,29.313,60.60606,1.04,103.985
158,2022,Iowa,5,64,4.6,23.4,0.922,43.723,28.129,74.28571,1.183,118.165
159,2022,Iowa St.,11,16,2.8,14.4,0.849,47.374,36.278,62.5,0.981,98.0934
160,2022,Jacksonville St.,15,64,-5.2,2.3,0.564,6.265,10.698,65.51724,1.059,106.638
161,2022,Kansas,1,1,10.4,27.3,0.951,77.998,36.398,82.35294,1.119,111.605
162,2022,Kentucky,2,64,6.9,25.2,0.939,74.515,32.472,78.78788,1.142,114.407
163,2022,Longwood,14,64,-2.3,3.0,0.582,4.353,8.664,78.57143,1.091,108.965
164,2022,Loyola Chicago,10,64,1.8,15.2,0.849,5.155,19.04,77.41935,1.1,109.986
165,2022,LSU,6,64,2.3,17.7,0.891,72.652,30.073,66.66667,1.029,102.61
166,2022,Marquette,9,64,0.7,12.6,0.807,58.313,29.119,61.29032,1.033,103.451
167,2022,Memphis,9,32,1.4,17.2,0.875,80.073,26.062,67.74194,1.056,105.619
168,2022,Miami FL,10,8,2.6,13.7,0.813,65.462,27.253,69.69697,1.104,110.368
169,2022,Michigan,11,16,0.2,17.2,0.868,72.575,34.033,54.83871,1.082,108.005
170,2022,Michigan St.,7,32,2.9,15.4,0.848,75.799,32.331,64.70588,1.059,105.927
171,2022,Montana St.,14,64,-2.8,2.2,0.562,7.356,7.984,78.125,1.084,108.242
172,2022,Murray St.,7,32,3.5,14.6,0.838,18.119,12.852,93.10345,1.131,113.009
173,2022,New Mexico St.,12,32,0.7,8.6,0.726,16.577,14.913,79.31034,1.05,104.869
174,2022,Norfolk St.,16,64,-3.1,-2.2,0.438,7.809,6.905,77.77778,1.032,103.718
175,2022,North Carolina,8,2,4.3,16.9,0.866,87.453,29.665,72.72727,1.096,109.416
176,2022,Notre Dame,11,32,1.8,14.8,0.836,72.248,27.584,67.74194,1.083,108.378
177,2022,Ohio St.,7,32,1.4,16.8,0.857,66.738,29.666,63.33333,1.119,112.068
178,2022,Providence,4,16,6.0,14.7,0.835,42.028,25.783,83.33333,1.066,106.471
179,2022,Purdue,3,16,7.1,25.1,0.933,60.487,30.201,79.41176,1.185,118.576
180,2022,Richmond,12,32,-1.6,8.3,0.716,15.581,19.541,65.71429,1.057,105.575
181,2022,Rutgers,11,68,-0.7,9.0,0.738,51.706,28.945,58.06452,1.025,102.697
182,2022,Saint Mary's,5,32,3.9,17.7,0.887,32.634,25.887,77.41935,1.06,106.095
183,2022,Saint Peter's,15,8,-5.6,3.5,0.604,0.2,12.317,62.06897,0.983,98.7557
184,2022,San Diego St.,8,64,2.6,15.0,0.863,31.863,23.962,74.19355,0.993,99.3087
185,2022,San Francisco,10,64,1.6,17.2,0.877,3.516,24.113,71.875,1.076,107.272
186,2022,Seton Hall,8,64,2.1,13.5,0.826,67.935,28.752,66.66667,1.038,103.686
187,2022,South Dakota St.,13,64,1.5,11.0,0.761,0.603,11.018,87.5,1.191,119.382
188,2022,TCU,9,32,2.9,14.5,0.841,65.515,36.146,62.5,1.01,101.094
189,2022,Tennessee,3,32,8.0,23.2,0.938,69.805,34.071,78.78788,1.058,105.997
190,2022,Texas,6,32,3.3,21.1,0.918,78.557,35.097,65.625,1.056,105.723
191,2022,Texas A&M Corpus Chris,16,68,-7.6,-6.5,0.321,3.592,7.53,63.33333,1.024,102.501
192,2022,Texas Southern,16,64,-6.8,-1.7,0.45,16.145,11.938,60.0,0.996,99.3772
193,2022,Texas Tech,3,16,6.5,23.6,0.943,22.03,35.796,73.52941,1.051,104.973
194,2022,UAB,12,64,-0.1,13.0,0.807,28.246,14.007,78.125,1.121,111.84
195,2022,UCLA,4,16,5.1,23.5,0.933,79.66,27.038,78.125,1.117,111.821
196,2022,USC,7,64,4.1,13.3,0.816,59.267,24.007,78.78788,1.068,106.564
197,2022,Vermont,13,64,-0.8,11.2,0.778,4.679,8.437,84.375,1.143,114.506
198,2022,Villanova,2,4,7.4,24.1,0.934,69.071,31.835,78.78788,1.127,112.845
199,2022,Virginia Tech,11,64,1.7,19.8,0.898,20.673,28.436,65.71429,1.111,111.1
200,2022,Wisconsin,3,32,6.5,16.3,0.863,62.378,31.803,77.41935,1.053,105.178
201,2022,Wright St.,16,64,-8.4,-2.7,0.427,9.944,8.923,60.60606,1.086,108.996
202,2022,Wyoming,12,68,1.9,11.2,0.777,1.779,21.516,75.0,1.07,107.367
203,2022,Yale,14,64,-4.9,1.4,0.541,9.416,14.651,62.06897,1.017,101.727
272,2019,Abilene Christian,15,64,-2.5,1.2,0.534,1.775,7.994,79.31034,1.068,107.102
273,2019,Arizona St.,11,64,0.2,11.0,0.773,71.073,21.239,68.75,1.062,106.426
274,2019,Auburn,5,4,6.1,23.5,0.926,57.754,32.322,73.52941,1.138,113.662
275,2019,Baylor,9,32,0.9,13.9,0.821,57.749,32.475,59.375,1.071,107.248
276,2019,Belmont,11,64,1.4,12.1,0.785,6.407,14.18,83.33333,1.16,116.393
277,2019,Bradley,15,64,-7.6,-1.1,0.469,3.589,11.714,57.57576,1.004,100.293
278,2019,Buffalo,6,32,5.7,18.0,0.88,7.39,17.002,90.90909,1.13,112.955
279,2019,Cincinnati,7,64,5.9,18.2,0.885,51.633,24.662,82.35294,1.098,109.572
280,2019,Colgate,15,64,-4.1,2.9,0.577,10.836,11.298,69.69697,1.107,110.64
281,2019,Duke,1,8,11.2,31.0,0.97,88.931,37.373,85.29412,1.129,113.184
282,2019,Fairleigh Dickinson,16,64,-9.2,-5.5,0.357,0.2,7.488,58.06452,1.083,108.37
283,2019,Florida,10,32,0.6,18.4,0.892,79.849,34.588,55.88235,1.042,104.227
284,2019,Florida St.,4,16,7.7,19.2,0.898,59.895,32.314,79.41176,1.067,106.629
285,2019,Gardner Webb,16,64,-4.9,-1.7,0.454,0.2,13.189,64.51613,1.083,108.532
286,2019,Georgia St.,14,64,-1.1,6.3,0.667,41.152,15.85,71.875,1.066,106.563
287,2019,Gonzaga,1,8,7.1,32.5,0.971,55.473,21.704,90.90909,1.241,123.829
288,2019,Houston,3,16,7.9,23.2,0.932,36.791,21.749,91.17647,1.12,112.096
289,2019,Iona,16,64,-10.2,-4.9,0.372,7.379,9.366,53.125,1.077,107.93
290,2019,Iowa,10,32,3.2,15.9,0.844,55.647,31.994,66.66667,1.106,110.452
291,2019,Iowa St.,6,64,4.3,22.1,0.915,56.016,33.257,67.64706,1.127,112.927
292,2019,Kansas,4,32,8.3,20.3,0.908,89.423,38.465,73.52941,1.055,105.568
293,2019,Kansas St.,4,64,6.6,19.0,0.906,48.118,32.441,75.75758,1.013,101.553
294,2019,Kentucky,2,8,8.8,25.2,0.942,95.376,33.711,81.81818,1.126,112.784
295,2019,Liberty,12,32,-0.4,9.0,0.73,0.345,11.295,80.64516,1.111,111.547
296,2019,Louisville,7,64,2.3,20.2,0.906,53.581,35.477,60.60606,1.071,107.243
297,2019,LSU,3,16,7.3,21.2,0.907,66.287,30.387,81.25,1.123,112.474
298,2019,Marquette,5,64,2.8,16.5,0.862,71.641,24.34,72.72727,1.088,108.714
299,2019,Maryland,6,32,4.2,18.7,0.89,78.823,33.402,68.75,1.076,107.334
300,2019,Michigan,2,16,9.2,29.1,0.966,80.432,32.909,82.35294,1.078,107.986
301,2019,Michigan St.,2,4,10.6,28.1,0.956,70.057,37.031,82.35294,1.144,114.269
302,2019,Minnesota,10,32,2.7,12.9,0.809,71.523,34.824,61.76471,1.038,103.298
303,2019,Mississippi,8,64,1.0,16.5,0.86,48.937,28.95,62.5,1.085,108.408
304,2019,Mississippi St.,5,64,4.6,19.8,0.895,82.586,32.171,69.69697,1.12,111.932
305,2019,Montana,15,64,-3.0,3.5,0.595,19.258,9.661,75.0,1.117,111.502
306,2019,Murray St.,12,32,1.3,12.0,0.79,8.231,12.081,86.2069,1.147,114.766
307,2019,Nevada,7,64,4.1,17.4,0.873,35.414,15.433,87.87879,1.137,113.948
308,2019,New Mexico St.,12,64,1.6,12.8,0.802,13.806,10.958,87.5,1.142,113.701
309,2019,North Carolina,1,16,10.0,28.0,0.956,76.654,36.978,81.81818,1.126,112.438
310,2019,North Carolina Central,16,68,-10.8,-10.3,0.239,4.547,9.393,50.0,1.004,100.502
311,2019,North Dakota St.,16,64,-8.4,-2.9,0.423,0.2,14.601,51.6129,1.079,108.198
312,2019,Northeastern,13,64,-2.6,7.2,0.685,5.836,14.55,69.69697,1.128,112.969
313,2019,Northern Kentucky,14,64,-2.0,6.8,0.678,4.597,11.952,75.0,1.114,111.424
314,2019,Ohio St.,11,32,0.9,14.2,0.834,56.419,33.733,57.57576,1.037,103.341
315,2019,Oklahoma,9,32,2.5,16.1,0.863,58.325,35.499,59.375,1.016,101.398
316,2019,Old Dominion,14,64,-1.6,4.9,0.64,33.997,11.544,76.47059,1.012,101.139
317,2019,Oregon,12,16,-1.0,13.5,0.826,80.047,21.269,65.71429,1.061,106.247
318,2019,Prairie View A&M,16,68,-6.9,-4.1,0.388,1.736,9.729,63.63636,1.031,103.12
319,2019,Purdue,3,8,6.1,25.4,0.938,56.197,35.323,71.875,1.139,113.828
320,2019,Saint Louis,13,64,-3.0,5.7,0.661,66.081,17.33,65.71429,1.002,100.399
321,2019,Saint Mary's,11,64,-0.6,16.9,0.863,27.239,22.544,66.66667,1.127,112.69
322,2019,Seton Hall,10,64,-0.3,10.8,0.771,54.346,26.683,60.60606,1.043,104.576
323,2019,St. John's,11,68,-1.1,9.3,0.736,75.394,22.897,63.63636,1.06,105.988
324,2019,Syracuse,8,64,0.5,16.0,0.86,73.806,30.432,60.60606,1.032,103.506
325,2019,Temple,11,68,2.0,11.6,0.784,53.453,23.835,71.875,1.051,105.306
326,2019,Tennessee,2,16,9.8,27.9,0.951,55.685,34.04,84.84848,1.164,116.307
327,2019,Texas Tech,3,2,7.0,25.8,0.953,47.191,29.682,81.25,1.075,108.08
328,2019,UC Irvine,13,32,0.9,8.5,0.724,18.762,10.843,85.29412,1.081,108.285
329,2019,UCF,9,32,2.2,17.2,0.874,28.974,22.705,74.19355,1.071,107.069
330,2019,Utah St.,8,64,2.2,15.3,0.846,9.835,16.722,81.81818,1.123,112.264
331,2019,VCU,8,64,1.4,17.1,0.888,39.794,17.529,78.125,1.026,102.78
332,2019,Vermont,13,64,-0.8,9.1,0.735,7.768,10.844,81.25,1.094,109.909
333,2019,Villanova,6,32,3.7,16.4,0.854,68.466,25.545,73.52941,1.123,112.402
334,2019,Virginia,1,1,11.1,33.9,0.976,73.381,33.411,90.625,1.171,117.113
335,2019,Virginia Tech,4,16,5.0,23.7,0.93,66.436,30.716,75.0,1.141,114.004
336,2019,Washington,9,32,3.3,12.6,0.811,74.311,23.31,76.47059,1.036,103.564
337,2019,Wisconsin,5,64,6.2,20.1,0.913,59.597,36.867,69.69697,1.045,104.289
338,2019,Wofford,7,32,4.2,17.9,0.873,1.063,18.861,86.66667,1.182,117.982
339,2019,Yale,14,64,-0.7,8.1,0.707,15.117,14.894,75.0,1.099,110.061
340,2018,Alabama,9,32,-1.1,12.2,0.801,73.914,30.311,55.88235,1.03,102.776
341,2018,Arizona,4,64,3.8,17.3,0.862,82.727,22.509,79.41176,1.16,115.915
342,2018,Arizona St.,11,68,-1.2,15.1,0.83,53.908,22.863,64.51613,1.141,114.116
343,2018,Arkansas,7,64,2.8,16.7,0.855,39.343,30.695,67.64706,1.125,112.175
344,2018,Auburn,4,32,4.3,19.9,0.895,58.941,25.991,78.125,1.135,113.46
345,2018,Bucknell,14,64,-3.0,5.7,0.652,0.2,12.477,73.52941,1.103,110.427
346,2018,Buffalo,13,32,-1.3,11.0,0.763,10.891,14.057,75.75758,1.135,113.539
347,2018,Butler,10,32,1.7,19.9,0.898,52.743,35.194,60.60606,1.108,110.897
348,2018,Cal St. Fullerton,15,64,-5.5,-1.2,0.467,0.2,12.991,62.06897,1.032,102.99
349,2018,Cincinnati,2,32,5.9,24.6,0.947,63.963,21.576,88.23529,1.122,112.022
350,2018,Clemson,5,16,4.0,17.9,0.882,54.866,31.364,71.875,1.083,108.129
351,2018,College of Charleston,13,64,-2.1,1.6,0.543,4.156,10.655,77.41935,1.117,111.949
352,2018,Creighton,8,64,2.0,20.3,0.899,48.746,32.808,64.51613,1.142,114.134
353,2018,Davidson,12,64,-2.9,14.2,0.816,20.885,18.185,65.625,1.161,116.159
354,2018,Duke,2,8,6.6,29.3,0.958,92.943,31.36,78.78788,1.188,118.705
355,2018,Florida,6,32,1.4,20.8,0.907,69.428,31.853,62.5,1.102,109.73
356,2018,Florida St.,9,8,1.0,16.1,0.851,59.86,29.762,64.51613,1.11,110.767
357,2018,Georgia St.,15,64,-5.1,6.5,0.673,31.565,9.801,68.75,1.086,108.676
358,2018,Gonzaga,4,16,4.9,23.1,0.924,73.63,19.117,88.23529,1.199,120.03
359,2018,Houston,6,32,2.4,19.5,0.895,24.411,20.996,78.78788,1.132,112.888
360,2018,Iona,15,64,-7.3,1.5,0.54,0.2,11.688,60.60606,1.094,109.478
361,2018,Kansas,1,4,8.2,26.0,0.941,80.44,34.024,79.41176,1.162,116.004
362,2018,Kansas St.,9,8,2.6,16.5,0.862,47.73,31.68,66.66667,1.082,108.258
363,2018,Kentucky,5,16,4.3,19.4,0.893,95.962,31.972,70.58824,1.096,109.59
364,2018,Lipscomb,15,64,-3.2,0.8,0.523,5.68,15.067,68.96552,1.039,104.015
365,2018,LIU Brooklyn,16,68,-13.2,-8.5,0.285,14.561,5.293,51.51515,1.054,105.478
366,2018,Loyola Chicago,11,4,2.0,12.2,0.797,16.801,14.914,84.375,1.088,108.717
367,2018,Marshall,13,32,-2.5,4.4,0.618,2.18,16.115,69.69697,1.088,108.999
368,2018,Miami FL,6,64,2.7,17.1,0.869,81.652,28.51,70.96774,1.081,107.873
369,2018,Michigan,3,2,6.9,21.8,0.919,56.368,32.027,79.41176,1.114,111.172
370,2018,Michigan St.,3,32,8.0,25.7,0.942,84.499,27.212,87.87879,1.182,117.987
371,2018,Missouri,8,64,0.4,16.7,0.863,45.402,29.725,61.29032,1.084,108.104
372,2018,Montana,14,64,-1.1,8.5,0.72,16.392,13.047,77.41935,1.101,110.016
373,2018,Murray St.,12,64,-0.4,9.9,0.745,0.2,10.363,82.75862,1.143,114.708
374,2018,Nevada,7,16,2.5,16.5,0.85,57.081,19.663,79.41176,1.161,116.286
375,2018,New Mexico St.,12,64,1.3,12.7,0.811,16.867,14.546,83.33333,1.078,107.914
376,2018,North Carolina,2,32,7.1,24.4,0.93,77.447,39.014,71.42857,1.144,114.305
377,2018,North Carolina Central,16,68,-12.0,-14.3,0.17,4.118,6.345,51.6129,1.033,103.453
378,2018,North Carolina St.,9,64,0.9,13.7,0.812,43.838,28.427,65.625,1.123,111.861
379,2018,Ohio St.,5,32,4.5,22.5,0.923,59.776,29.904,75.0,1.111,111.339
380,2018,Oklahoma,10,64,1.1,16.6,0.855,70.869,35.193,58.06452,1.101,109.892
381,2018,Penn,16,64,-3.3,5.5,0.653,14.406,10.435,74.19355,1.053,105.352
382,2018,Providence,10,64,1.9,12.2,0.797,60.949,34.553,61.76471,1.042,104.379
383,2018,Purdue,2,16,7.6,29.2,0.957,59.458,30.493,82.35294,1.186,118.518
384,2018,Radford,16,64,-6.5,-1.7,0.453,1.613,12.213,62.5,1.039,104.001
385,2018,Rhode Island,7,32,1.6,13.7,0.822,56.579,19.269,78.125,1.097,109.867
386,2018,San Diego St.,11,64,-1.5,14.9,0.841,61.723,19.129,67.74194,1.095,109.484
387,2018,Seton Hall,8,32,2.5,19.1,0.887,61.137,32.678,65.625,1.105,110.561
388,2018,South Dakota St.,12,64,0.6,12.4,0.79,2.923,15.634,80.0,1.142,114.095
389,2018,St. Bonaventure,11,64,1.4,9.8,0.744,5.279,18.499,78.125,1.109,111.094
390,2018,Stephen F. Austin,14,64,-1.9,5.8,0.659,16.014,9.583,80.0,1.075,107.235
391,2018,Syracuse,11,16,-0.4,13.3,0.823,81.271,29.15,60.60606,1.03,103.016
392,2018,TCU,6,64,2.2,19.3,0.882,29.047,31.458,65.625,1.159,116.043
393,2018,Tennessee,3,32,6.4,22.0,0.921,47.881,32.934,75.75758,1.094,109.697
394,2018,Texas,10,64,1.4,15.9,0.861,74.625,36.484,57.57576,1.036,103.408
395,2018,Texas A&M,7,16,1.9,16.7,0.869,82.201,33.417,62.5,1.062,105.931
396,2018,Texas Southern,16,64,-10.9,-8.1,0.298,30.177,18.818,44.11765,1.063,106.41
397,2018,Texas Tech,3,8,4.7,21.8,0.922,36.705,31.897,72.72727,1.093,109.214
398,2018,UCLA,11,68,0.0,12.8,0.796,78.711,25.311,65.625,1.119,111.895
399,2018,UMBC,16,32,-4.9,-3.0,0.418,10.296,11.536,67.74194,1.05,104.772
400,2018,UNC Greensboro,13,64,-1.6,7.3,0.699,0.208,12.559,77.41935,1.066,106.847
401,2018,Villanova,1,1,10.6,32.3,0.966,80.592,32.489,88.23529,1.227,122.829
402,2018,Virginia,1,64,11.3,30.2,0.971,71.072,30.429,93.93939,1.112,111.133
403,2018,Virginia Tech,8,64,1.3,16.0,0.85,75.538,29.946,65.625,1.127,112.152
404,2018,West Virginia,5,16,4.6,23.8,0.929,38.54,33.146,70.58824,1.125,113.004
405,2018,Wichita St.,4,64,3.4,18.9,0.877,38.199,24.125,78.125,1.178,117.841
406,2018,Wright St.,14,64,-3.5,3.1,0.59,0.375,11.684,71.875,1.015,101.383
407,2018,Xavier,1,32,8.8,24.1,0.927,76.28,31.853,84.84848,1.155,115.53
408,2017,Arizona,2,16,7.9,22.0,0.918,71.921,25.711,88.23529,1.133,113.069
409,2017,Arkansas,8,32,3.9,14.3,0.821,36.848,28.939,73.52941,1.116,111.441
410,2017,Baylor,3,16,7.9,23.5,0.931,43.215,37.002,77.41935,1.106,110.829
411,2017,Bucknell,13,64,-2.1,7.9,0.706,0.2,12.194,76.47059,1.081,108.236
412,2017,Butler,4,16,5.5,20.5,0.901,48.146,32.565,74.19355,1.131,112.888
413,2017,Cincinnati,6,32,5.6,22.4,0.926,72.275,23.092,85.29412,1.131,112.406
414,2017,Creighton,6,64,4.3,20.3,0.902,45.608,29.959,72.72727,1.124,112.19
415,2017,Dayton,7,64,1.5,14.0,0.826,40.751,19.632,76.66667,1.091,109.246
416,2017,Duke,2,32,8.6,26.2,0.943,94.782,37.527,77.14286,1.157,115.574
417,2017,East Tennessee St.,13,64,-0.7,10.1,0.758,10.643,13.051,78.125,1.1,109.91
418,2017,Florida,4,8,6.3,26.4,0.952,70.37,33.955,75.0,1.102,109.917
419,2017,Florida Gulf Coast,14,64,-1.7,4.6,0.622,28.624,12.991,76.66667,1.119,111.909
420,2017,Florida St.,3,32,5.9,21.7,0.915,70.581,32.378,75.75758,1.139,113.774
421,2017,Gonzaga,1,2,7.7,31.8,0.972,68.782,19.459,96.9697,1.193,119.293
422,2017,Iona,14,64,-5.8,3.4,0.59,19.851,12.569,64.70588,1.1,110.079
423,2017,Iowa St.,5,32,6.5,22.5,0.919,54.193,39.139,69.69697,1.125,112.325
424,2017,Jacksonville St.,15,64,-8.1,-0.9,0.475,4.175,12.694,56.25,1.054,105.63
425,2017,Kansas,1,8,11.0,26.0,0.943,75.629,35.994,87.5,1.144,114.544
426,2017,Kansas St.,11,64,1.7,18.2,0.886,45.961,34.368,60.60606,1.057,105.897
427,2017,Kent St.,14,64,-7.2,1.3,0.536,14.694,11.162,61.76471,1.059,105.728
428,2017,Kentucky,2,8,9.0,27.7,0.954,86.539,30.841,85.29412,1.144,114.251
429,2017,Louisville,2,32,6.9,26.5,0.952,71.596,35.79,75.0,1.117,111.775
430,2017,Marquette,10,64,0.6,19.8,0.886,76.631,30.575,61.29032,1.157,115.653
431,2017,Maryland,6,64,3.7,15.6,0.847,72.827,27.505,74.19355,1.079,108.151
432,2017,Miami FL,8,64,2.9,18.4,0.89,74.813,33.96,65.625,1.067,106.563
433,2017,Michigan,7,16,3.8,23.7,0.924,64.639,31.879,68.57143,1.162,116.209
434,2017,Michigan St.,9,32,0.4,15.1,0.846,70.413,33.378,57.57576,1.047,104.856
435,2017,Middle Tennessee,12,32,2.0,14.1,0.828,17.718,12.053,87.87879,1.118,111.884
436,2017,Minnesota,5,64,3.7,16.5,0.87,59.566,28.647,72.72727,1.045,104.14
437,2017,Mount St. Mary's,16,64,-7.9,-3.4,0.403,4.25,15.979,55.88235,0.992,99.3625
438,2017,Nevada,12,64,1.7,12.4,0.791,31.488,15.312,82.35294,1.123,112.28
439,2017,New Mexico St.,14,64,-0.3,7.2,0.687,1.948,10.347,83.33333,1.11,110.733
440,2017,New Orleans,16,68,-6.3,-1.9,0.446,0.455,11.906,60.71429,1.015,101.904
441,2017,North Carolina,1,1,8.3,27.9,0.953,88.126,35.516,78.78788,1.165,116.337
442,2017,North Carolina Central,16,68,-5.1,1.0,0.528,0.2,6.379,73.33333,1.076,107.657
443,2017,North Dakota,15,64,-5.3,-0.5,0.486,0.2,8.396,67.85714,1.065,106.471
444,2017,Northern Kentucky,15,64,-4.9,1.3,0.536,10.36,10.902,68.75,1.068,106.891
445,2017,Northwestern,8,32,2.0,16.4,0.863,54.109,28.272,67.64706,1.072,107.189
446,2017,Notre Dame,5,32,5.9,23.1,0.922,65.922,34.028,73.52941,1.146,114.424
447,2017,Oklahoma St.,10,64,3.3,23.7,0.918,54.425,38.667,61.29032,1.172,116.954
448,2017,Oregon,3,4,6.0,22.3,0.921,56.758,23.71,84.84848,1.139,113.722
449,2017,Princeton,12,64,-0.4,11.5,0.785,8.705,13.417,78.57143,1.09,109.696
450,2017,Providence,11,68,0.6,12.9,0.813,55.541,29.678,62.5,1.033,103.256
451,2017,Purdue,4,16,5.6,23.8,0.933,67.524,29.59,78.125,1.13,112.965
452,2017,Rhode Island,11,32,0.4,15.3,0.848,64.496,20.094,72.72727,1.086,108.7
453,2017,Saint Mary's,7,32,3.9,24.1,0.932,24.566,18.282,87.5,1.184,118.452
454,2017,Seton Hall,9,64,2.7,12.8,0.809,55.205,32.687,65.625,1.052,104.876
455,2017,SMU,6,64,6.4,25.1,0.939,64.748,22.062,88.23529,1.167,116.641
456,2017,South Carolina,7,4,1.7,16.9,0.882,50.958,27.468,67.74194,1.009,101.278
457,2017,South Dakota St.,16,64,-9.8,-3.1,0.42,6.456,13.118,50.0,1.101,110.093
458,2017,Texas Southern,16,64,-4.4,-4.9,0.368,5.421,15.142,67.64706,1.063,106.57
459,2017,Troy,15,64,-8.1,1.8,0.548,10.042,11.532,58.82353,1.092,109.346
460,2017,UC Davis,16,64,-7.5,-3.1,0.411,5.789,9.044,62.5,0.986,98.5122
461,2017,UCLA,3,16,6.7,22.5,0.913,77.967,23.941,87.87879,1.208,120.722
462,2017,UNC Wilmington,12,64,1.5,12.5,0.786,5.2,13.569,84.375,1.18,118.069
463,2017,USC,11,32,1.3,11.6,0.78,81.237,23.057,72.72727,1.107,110.855
464,2017,Vanderbilt,9,64,0.1,17.6,0.876,53.364,33.443,55.88235,1.057,105.957
465,2017,VCU,10,64,1.3,12.1,0.797,42.055,18.914,76.47059,1.069,106.826
466,2017,Vermont,13,64,0.7,10.9,0.77,6.681,12.311,84.84848,1.125,112.739
467,2017,Villanova,1,32,11.1,30.0,0.962,75.837,30.578,91.17647,1.18,117.917
468,2017,Virginia,5,32,5.0,27.4,0.959,71.089,35.989,68.75,1.091,109.116
469,2017,Virginia Tech,9,64,3.3,15.0,0.83,67.076,32.173,68.75,1.125,112.502
470,2017,Wake Forest,11,68,1.3,19.6,0.883,47.009,34.379,59.375,1.153,115.266
471,2017,West Virginia,4,16,6.4,26.3,0.951,43.642,32.564,76.47059,1.127,112.338
472,2017,Wichita St.,10,32,4.1,24.1,0.934,40.472,17.09,87.87879,1.177,117.578
473,2017,Winthrop,13,64,-1.8,3.7,0.601,5.374,9.847,80.0,1.086,108.867
474,2017,Wisconsin,8,16,5.1,22.0,0.923,56.744,31.468,73.52941,1.102,110.209
475,2017,Xavier,11,8,1.6,17.2,0.867,61.847,32.401,61.76471,1.087,108.762
476,2016,Arizona,6,64,3.4,20.7,0.905,66.359,25.107,75.75758,1.136,113.644
477,2016,Austin Peay,16,64,-11.3,-6.6,0.327,0.232,12.023,48.48485,1.047,104.791
478,2016,Baylor,5,64,3.5,18.5,0.877,48.262,35.471,65.625,1.124,112.458
479,2016,Buffalo,14,64,-5.8,1.8,0.55,6.348,17.81,57.57576,1.05,104.917
480,2016,Butler,9,32,2.1,18.5,0.877,61.077,29.739,67.74194,1.144,113.775
481,2016,Cal St. Bakersfield,15,64,-3.5,7.7,0.709,5.421,10.513,72.41379,1.045,104.634
482,2016,California,4,64,2.2,19.5,0.899,78.13,27.208,69.69697,1.09,109.094
483,2016,Chattanooga,12,64,0.4,5.6,0.651,7.903,11.639,84.375,1.101,109.685
484,2016,Cincinnati,9,64,0.3,16.8,0.872,56.651,23.448,68.75,1.085,108.015
485,2016,Colorado,8,64,0.7,12.4,0.803,53.765,26.719,65.625,1.055,105.3
486,2016,Connecticut,9,32,1.2,17.1,0.874,72.327,23.62,70.58824,1.091,108.729
487,2016,Dayton,7,64,2.4,14.2,0.838,36.347,20.789,78.125,1.052,105.445
488,2016,Duke,4,16,4.2,23.0,0.918,94.152,32.331,69.69697,1.183,118.081
489,2016,Fairleigh Dickinson,16,68,-9.9,-10.9,0.241,0.2,9.645,54.83871,1.057,105.805
490,2016,Florida Gulf Coast,16,64,-8.4,-0.7,0.48,24.576,11.006,55.17241,1.062,106.57
491,2016,Fresno St.,14,64,-0.9,5.6,0.652,40.734,17.899,71.875,1.048,104.645
492,2016,Gonzaga,11,16,2.1,20.7,0.904,58.0,20.236,78.125,1.159,116.179
493,2016,Green Bay,14,64,-4.5,2.5,0.568,0.2,15.675,63.63636,1.07,107.029
494,2016,Hampton,16,64,-6.3,-8.9,0.269,4.609,8.629,66.66667,1.022,102.131
495,2016,Hawaii,13,32,0.8,11.4,0.784,15.446,13.153,83.33333,1.078,107.946
496,2016,Holy Cross,16,64,-14.5,-10.3,0.239,5.623,9.645,42.42424,0.991,99.1292
497,2016,Indiana,5,16,3.2,22.1,0.912,68.041,23.197,78.125,1.191,119.203
498,2016,Iona,13,64,-3.6,6.1,0.66,8.384,13.931,68.75,1.096,109.763
499,2016,Iowa,7,32,2.0,21.2,0.911,54.413,29.23,67.74194,1.122,112.194
500,2016,Iowa St.,4,16,3.6,21.5,0.906,63.044,34.953,65.625,1.129,112.951
501,2016,Kansas,1,8,11.6,29.2,0.961,80.776,35.686,87.87879,1.141,114.369
502,2016,Kentucky,4,32,5.0,26.5,0.943,92.397,28.159,76.47059,1.157,116.122
503,2016,Little Rock,12,32,2.1,11.3,0.783,0.475,13.219,87.09677,1.088,108.823
504,2016,Maryland,5,16,4.0,18.7,0.885,87.245,28.313,75.0,1.124,112.511
505,2016,Miami FL,3,16,6.9,23.4,0.926,66.635,32.355,78.125,1.138,113.767
506,2016,Michigan,11,64,0.8,15.0,0.834,54.482,29.236,63.63636,1.124,112.432
507,2016,Michigan St.,2,64,7.2,26.6,0.945,59.574,26.632,85.29412,1.183,118.21
508,2016,Middle Tennessee,15,32,-3.2,3.7,0.605,8.754,12.345,70.96774,1.041,104.147
509,2016,North Carolina,1,2,8.5,25.8,0.942,90.938,32.034,82.35294,1.164,116.284
510,2016,Northern Iowa,11,32,-2.1,11.2,0.777,36.74,21.49,63.63636,1.057,105.503
511,2016,Notre Dame,6,8,2.3,14.9,0.824,76.873,31.682,65.625,1.153,115.106
512,2016,Oklahoma,2,4,8.0,24.8,0.938,57.714,35.834,78.125,1.114,111.285
513,2016,Oregon,1,8,6.7,20.8,0.904,51.771,27.638,81.81818,1.126,112.707
514,2016,Oregon St.,7,64,0.3,11.7,0.785,44.404,30.461,60.0,1.05,104.95
515,2016,Pittsburgh,10,64,1.8,17.1,0.864,57.184,31.513,64.51613,1.131,112.668
516,2016,Providence,9,32,3.3,13.8,0.826,59.887,31.166,69.69697,1.047,104.928
517,2016,Purdue,5,64,4.4,23.8,0.933,66.451,26.889,76.47059,1.141,114.086
518,2016,Saint Joseph's,8,32,3.4,16.1,0.854,41.08,21.526,79.41176,1.097,109.969
519,2016,Seton Hall,6,64,5.3,18.7,0.893,62.243,30.728,75.75758,1.055,105.725
520,2016,South Dakota St.,12,64,-1.2,9.8,0.744,12.379,12.136,77.41935,1.105,110.364
521,2016,Southern,16,68,-8.1,-6.0,0.339,3.311,8.427,61.29032,1.025,102.543
522,2016,Stephen F. Austin,14,32,-1.2,10.9,0.772,0.458,9.477,82.14286,1.15,115.066
523,2016,Stony Brook,13,64,-1.1,7.4,0.697,0.2,11.251,80.0,1.112,111.257
524,2016,Syracuse,10,4,-0.3,16.2,0.86,88.863,30.281,59.375,1.065,106.806
525,2016,Temple,10,64,-0.1,8.2,0.716,55.758,24.923,65.625,1.024,102.785
526,2016,Texas,6,64,3.2,16.2,0.859,73.204,36.005,62.5,1.058,105.726
527,2016,Texas A&M,3,16,5.2,21.5,0.918,69.544,27.831,76.47059,1.104,110.081
528,2016,Texas Tech,8,64,1.3,13.9,0.82,18.334,32.532,61.29032,1.07,107.068
529,2016,Tulsa,11,68,-1.2,9.8,0.747,3.983,22.502,64.51613,1.064,106.594
530,2016,UNC Asheville,15,64,-6.3,1.7,0.549,11.114,10.414,64.51613,1.048,104.894
531,2016,UNC Wilmington,13,64,-0.7,8.0,0.707,1.709,13.73,76.66667,1.094,109.082
532,2016,USC,8,64,0.2,15.8,0.848,72.171,26.984,63.63636,1.095,109.548
533,2016,Utah,3,32,5.6,17.9,0.875,34.826,30.751,75.75758,1.12,111.524
534,2016,Vanderbilt,11,68,-0.4,21.8,0.919,60.005,29.795,59.375,1.1,110.017
535,2016,VCU,10,32,-0.1,17.6,0.878,38.015,20.513,70.58824,1.096,109.987
536,2016,Villanova,2,1,8.9,28.5,0.959,81.555,30.779,85.29412,1.133,113.604
537,2016,Virginia,1,8,8.7,27.6,0.954,74.302,36.199,78.78788,1.146,114.8
538,2016,Weber St.,15,64,-3.7,3.3,0.593,1.595,9.167,74.19355,1.069,107.01
539,2016,West Virginia,3,64,7.4,25.2,0.944,46.477,34.85,76.47059,1.112,110.829
540,2016,Wichita St.,11,32,0.2,21.2,0.919,27.563,18.276,74.19355,1.097,109.501
541,2016,Wisconsin,7,16,0.4,14.6,0.837,58.366,29.577,62.5,1.066,106.662
542,2016,Xavier,2,32,7.7,22.6,0.922,65.075,29.509,84.375,1.117,111.904
543,2016,Yale,12,32,-0.1,12.9,0.812,3.85,15.942,77.77778,1.107,110.744
544,2015,Albany,14,64,-3.3,2.6,0.572,0.2,9.985,75.0,1.065,106.836
545,2015,Arizona,2,8,9.0,29.0,0.965,82.563,24.455,91.17647,1.14,113.625
546,2015,Arkansas,5,32,3.8,16.3,0.857,61.527,25.539,76.47059,1.102,109.877
547,2015,Baylor,3,64,5.0,23.0,0.927,33.696,31.828,71.875,1.095,109.564
548,2015,Belmont,15,64,-4.7,0.8,0.522,19.383,11.943,67.74194,1.095,109.106
549,2015,Boise St.,11,68,0.2,12.4,0.799,4.95,19.11,74.19355,1.098,109.924
550,2015,Buffalo,12,64,-1.3,11.2,0.777,15.051,17.477,71.875,1.089,108.964
551,2015,Butler,6,32,3.5,18.8,0.899,52.49,31.075,68.75,1.065,106.552
552,2015,BYU,11,68,0.8,17.4,0.862,41.166,21.629,71.875,1.158,116.014
553,2015,Cincinnati,8,32,-1.3,13.9,0.833,58.388,18.539,68.75,1.037,104.058
554,2015,Coastal Carolina,16,64,-5.1,1.4,0.539,0.439,9.135,68.96552,1.088,109.08
555,2015,Davidson,10,64,1.7,16.9,0.853,6.209,20.72,76.66667,1.173,117.158
556,2015,Dayton,11,32,0.8,11.7,0.792,46.592,18.021,75.75758,1.056,105.537
557,2015,Duke,1,1,10.7,31.5,0.966,95.491,33.93,87.87879,1.202,120.499
558,2015,Eastern Washington,13,64,-2.6,3.3,0.586,0.557,12.026,74.19355,1.151,114.793
559,2015,Georgetown,4,32,3.8,18.3,0.887,84.19,32.914,67.74194,1.076,107.548
560,2015,Georgia,10,64,1.6,14.6,0.842,57.857,28.552,65.625,1.032,103.296
561,2015,Georgia St.,14,32,-3.0,10.6,0.764,39.26,13.113,71.875,1.086,108.62
562,2015,Gonzaga,2,8,7.8,27.5,0.952,61.37,20.733,93.93939,1.2,120.007
563,2015,Hampton,16,64,-12.6,-8.8,0.264,8.221,9.527,48.48485,0.967,96.6099
564,2015,Harvard,13,64,-1.3,7.0,0.696,32.039,14.711,74.07407,1.016,101.729
565,2015,Indiana,10,64,-0.3,15.5,0.833,74.203,28.304,60.60606,1.155,115.321
566,2015,Iowa,7,32,2.1,20.5,0.909,58.944,30.508,65.625,1.07,107.06
567,2015,Iowa St.,3,64,7.1,21.4,0.909,43.965,33.687,75.75758,1.122,112.195
568,2015,Kansas,2,32,9.0,22.3,0.926,83.717,37.228,76.47059,1.062,106.342
569,2015,Kentucky,1,4,13.1,35.5,0.983,95.498,27.097,100.0,1.16,115.91
570,2015,Lafayette,16,64,-7.1,-3.1,0.421,0.994,11.111,61.29032,1.135,113.655
571,2015,Louisville,4,8,5.8,21.3,0.926,79.783,32.346,75.0,1.041,103.478
572,2015,LSU,9,64,0.5,13.4,0.823,58.994,22.949,68.75,1.033,103.515
573,2015,Manhattan,16,68,-7.7,0.9,0.526,12.059,10.881,59.375,1.013,101.28
574,2015,Maryland,4,32,6.9,16.0,0.859,69.338,29.027,81.81818,1.065,106.605
575,2015,Michigan St.,7,4,3.1,22.2,0.922,62.703,31.101,67.64706,1.106,110.854
576,2015,Mississippi,11,64,-0.5,13.7,0.816,46.963,25.591,62.5,1.082,108.54
577,2015,New Mexico St.,15,64,-4.5,6.3,0.672,9.776,12.832,67.74194,1.074,107.386
578,2015,North Carolina,4,16,6.5,26.7,0.95,89.438,38.128,68.57143,1.114,111.24
579,2015,North Carolina St.,8,16,1.1,16.0,0.852,79.763,32.14,60.60606,1.084,108.152
580,2015,North Dakota St.,15,64,-4.0,-0.4,0.489,4.013,11.808,70.0,1.029,103.552
581,2015,North Florida,16,68,-5.1,0.4,0.511,11.873,14.08,64.51613,1.094,109.633
582,2015,Northeastern,14,64,-4.6,5.7,0.653,9.221,12.624,67.64706,1.069,107.202
583,2015,Northern Iowa,5,32,5.4,21.8,0.92,47.901,17.742,90.90909,1.12,112.497
584,2015,Notre Dame,3,8,8.6,24.6,0.927,78.911,30.379,85.29412,1.213,121.259
585,2015,Ohio St.,10,32,2.5,21.4,0.916,88.173,28.047,69.69697,1.142,113.772
586,2015,Oklahoma,3,16,4.5,22.7,0.935,58.549,33.364,68.75,1.048,104.826
587,2015,Oklahoma St.,9,64,0.2,14.9,0.843,49.866,32.538,56.66667,1.029,103.183
588,2015,Oregon,8,32,3.0,13.1,0.806,54.645,26.458,72.72727,1.09,108.976
589,2015,Providence,6,64,3.7,17.8,0.88,63.346,33.586,66.66667,1.061,106.002
590,2015,Purdue,9,64,1.0,15.6,0.853,63.657,29.197,63.63636,1.067,106.573
591,2015,Robert Morris,16,64,-8.6,-2.8,0.421,0.888,11.81,57.57576,1.026,103.062
592,2015,San Diego St.,8,32,1.3,15.6,0.87,55.636,19.89,75.75758,1.008,100.656
593,2015,SMU,6,64,3.1,16.7,0.867,51.046,20.21,81.25,1.098,109.913
594,2015,St. John's,9,64,2.4,15.8,0.857,73.416,32.181,64.51613,1.042,104.366
595,2015,Stephen F. Austin,12,64,1.2,12.7,0.801,0.2,12.66,86.66667,1.159,115.74
596,2015,Texas,11,64,0.9,19.2,0.9,72.06,31.601,60.60606,1.066,106.502
597,2015,Texas Southern,15,64,-4.5,-5.2,0.36,5.896,17.067,64.70588,1.035,103.362
598,2015,UAB,14,32,-7.5,1.4,0.54,31.578,16.263,54.54545,1.01,101.144
599,2015,UC Irvine,13,64,-4.5,7.7,0.706,7.799,16.828,61.29032,1.035,103.694
600,2015,UCLA,11,16,0.0,13.2,0.813,74.717,29.935,60.60606,1.059,105.49
601,2015,Utah,5,16,3.7,26.2,0.951,27.543,27.56,74.19355,1.139,113.65
602,2015,Valparaiso,13,64,0.1,10.7,0.775,14.341,11.044,83.33333,1.078,107.552
603,2015,VCU,7,64,3.0,15.1,0.848,40.345,24.351,74.28571,1.066,106.572
604,2015,Villanova,1,32,11.3,29.3,0.961,67.053,27.643,94.11765,1.163,116.619
605,2015,Virginia,2,32,10.0,29.9,0.972,73.465,30.179,90.625,1.108,110.716
606,2015,West Virginia,5,16,4.1,17.6,0.88,49.102,29.931,71.875,1.061,106.429
607,2015,Wichita St.,7,16,4.2,22.4,0.925,11.93,18.668,87.09677,1.117,111.943
608,2015,Wisconsin,1,2,11.4,34.3,0.974,67.699,30.284,91.17647,1.205,120.495
609,2015,Wofford,12,64,0.2,5.3,0.648,1.842,14.245,81.25,1.06,106.401
610,2015,Wyoming,12,64,-1.6,5.1,0.642,11.536,16.07,71.875,1.029,103.166
611,2015,Xavier,6,16,1.4,18.8,0.886,55.641,30.82,61.76471,1.094,109.333
612,2014,Albany,16,64,-8.6,-1.9,0.447,0.235,10.783,56.25,1.035,103.577
613,2014,American,15,64,-5.5,5.0,0.639,0.727,13.329,62.5,1.047,104.931
614,2014,Arizona,1,8,9.4,28.3,0.963,82.869,28.319,88.23529,1.121,112.267
615,2014,Arizona St.,10,64,1.2,14.4,0.834,30.871,27.225,65.625,1.067,107.019
616,2014,Baylor,6,16,3.1,17.0,0.857,51.342,30.866,66.66667,1.138,114.101
617,2014,BYU,10,64,0.6,13.8,0.815,40.749,24.303,66.66667,1.125,112.555
618,2014,Cal Poly,16,64,-10.7,-1.1,0.47,3.745,19.389,36.66667,1.022,102.501
619,2014,Cincinnati,5,64,5.3,17.5,0.883,51.198,24.925,81.81818,1.079,107.367
620,2014,Coastal Carolina,16,64,-7.7,-5.2,0.355,3.527,9.213,60.0,1.019,102.067
621,2014,Colorado,8,64,2.4,12.3,0.801,65.69,28.422,67.64706,1.043,103.716
622,2014,Connecticut,7,1,4.7,18.8,0.893,59.433,27.116,76.47059,1.086,108.213
623,2014,Creighton,3,32,5.6,26.1,0.935,27.104,26.415,78.78788,1.214,121.422
624,2014,Dayton,11,8,0.6,12.6,0.795,40.971,21.556,69.69697,1.109,110.764
625,2014,Delaware,13,64,-1.4,5.0,0.63,10.393,15.098,73.52941,1.118,111.766
626,2014,Duke,3,64,6.5,28.3,0.949,86.76,30.879,76.47059,1.198,119.916
627,2014,Eastern Kentucky,15,64,-3.3,3.3,0.586,1.4,12.669,70.96774,1.149,114.893
628,2014,Florida,1,4,11.7,27.1,0.955,69.322,29.067,94.11765,1.114,111.583
629,2014,George Washington,9,64,3.2,13.9,0.825,27.304,24.145,75.0,1.073,107.234
630,2014,Gonzaga,8,32,4.0,20.7,0.908,47.31,19.867,81.81818,1.14,113.905
631,2014,Harvard,12,32,2.2,16.3,0.861,23.108,13.951,86.2069,1.119,111.823
632,2014,Iowa,11,68,1.2,22.9,0.918,58.577,30.549,62.5,1.154,115.603
633,2014,Iowa St.,3,16,7.5,19.8,0.895,47.303,31.563,78.78788,1.131,113.458
634,2014,Kansas,2,32,6.9,24.7,0.934,89.062,35.326,72.72727,1.149,115.053
635,2014,Kansas St.,9,64,0.5,15.1,0.849,59.93,28.247,62.5,1.048,105.093
636,2014,Kentucky,8,2,3.9,20.2,0.901,93.139,29.5,70.58824,1.124,112.311
637,2014,Louisiana Lafayette,14,64,-3.8,6.0,0.655,7.218,16.225,64.51613,1.1,110.051
638,2014,Louisville,4,16,5.3,31.0,0.97,58.072,21.304,85.29412,1.188,118.693
639,2014,Manhattan,13,64,-0.5,9.0,0.734,5.007,12.444,78.125,1.075,107.54
640,2014,Massachusetts,6,64,3.6,13.6,0.821,27.037,24.043,75.0,1.057,105.606
641,2014,Memphis,8,32,2.8,16.1,0.855,69.609,28.502,70.96774,1.081,107.885
642,2014,Mercer,14,32,-2.8,7.4,0.693,2.917,11.039,74.19355,1.126,113.08
643,2014,Michigan,2,8,7.7,23.3,0.918,71.641,36.032,75.75758,1.171,117.142
644,2014,Michigan St.,4,8,6.9,23.6,0.928,82.535,32.172,76.47059,1.137,113.386
645,2014,Milwaukee,15,64,-6.1,0.0,0.5,6.6,13.476,60.60606,1.03,103.161
646,2014,Mount St. Mary's,16,68,-9.4,-4.2,0.392,2.524,14.292,50.0,1.077,108.139
647,2014,Nebraska,11,64,1.3,12.6,0.805,46.368,31.541,61.29032,1.026,102.429
648,2014,New Mexico,7,64,4.4,16.7,0.861,19.974,21.24,81.81818,1.12,111.799
649,2014,New Mexico St.,13,64,-2.3,10.0,0.746,18.464,13.619,73.52941,1.137,113.903
650,2014,North Carolina,6,32,4.2,17.8,0.88,85.624,30.458,71.875,1.082,107.984
651,2014,North Carolina Central,14,64,-0.6,6.9,0.684,2.483,10.219,83.87097,1.106,110.774
652,2014,North Carolina St.,12,64,0.6,11.6,0.776,63.363,29.638,61.76471,1.08,108.169
653,2014,North Dakota St.,12,32,0.2,9.9,0.738,6.109,14.3,78.57143,1.166,116.89
654,2014,Ohio St.,6,64,4.5,20.9,0.92,83.039,28.439,73.52941,1.066,106.678
655,2014,Oklahoma,5,64,4.1,18.6,0.877,61.684,29.271,71.875,1.132,113.353
656,2014,Oklahoma St.,9,64,1.4,21.9,0.917,69.881,28.791,63.63636,1.133,113.295
657,2014,Oregon,7,32,2.6,16.7,0.854,58.907,25.655,71.875,1.147,114.697
658,2014,Pittsburgh,9,32,4.1,22.7,0.923,74.729,27.298,73.52941,1.133,112.86
659,2014,Providence,11,64,1.2,13.7,0.815,43.138,27.234,64.70588,1.088,109.064
660,2014,Saint Joseph's,10,64,2.1,15.1,0.839,38.758,22.509,72.72727,1.078,107.73
661,2014,Saint Louis,5,32,3.8,15.4,0.86,14.572,21.668,80.64516,1.032,103.028
662,2014,San Diego St.,4,16,6.0,17.8,0.887,55.124,22.259,87.09677,1.07,106.932
663,2014,Stanford,10,16,1.1,14.7,0.834,73.42,28.957,63.63636,1.091,108.976
664,2014,Stephen F. Austin,12,32,1.7,10.2,0.752,0.2,7.349,93.54839,1.16,116.078
665,2014,Syracuse,3,32,7.9,21.8,0.918,87.563,28.889,84.375,1.119,111.717
666,2014,Tennessee,11,16,0.4,22.6,0.923,70.938,27.83,62.5,1.116,111.688
667,2014,Texas,7,32,3.6,15.7,0.853,66.138,29.843,69.69697,1.063,106.37
668,2014,Texas Southern,16,68,-9.7,-6.2,0.343,14.806,8.739,56.25,1.091,109.188
669,2014,Tulsa,13,64,-3.6,8.8,0.73,7.721,17.432,63.63636,1.055,105.665
670,2014,UCLA,4,16,4.5,21.6,0.91,82.764,25.87,76.47059,1.155,115.426
671,2014,VCU,5,64,3.6,18.0,0.891,34.176,23.556,76.47059,1.051,105.321
672,2014,Villanova,2,32,8.3,23.3,0.929,68.549,27.216,87.5,1.142,114.183
673,2014,Virginia,1,16,8.2,24.8,0.945,71.947,30.369,82.35294,1.086,108.671
674,2014,Weber St.,16,64,-6.9,-1.4,0.462,6.732,9.596,60.71429,1.105,110.674
675,2014,Western Michigan,14,64,-2.9,2.9,0.58,9.135,12.19,70.96774,1.067,106.304
676,2014,Wichita St.,1,32,8.1,22.0,0.919,8.712,15.817,100.0,1.158,115.962
677,2014,Wisconsin,2,4,7.9,25.3,0.936,66.98,32.853,78.78788,1.152,115.242
678,2014,Wofford,15,64,-6.5,-3.1,0.413,1.02,12.999,58.62069,1.043,104.578
679,2014,Xavier,12,68,1.4,13.5,0.813,63.684,29.174,63.63636,1.09,109.087
680,2013,Akron,12,64,0.3,11.6,0.793,28.109,14.733,80.64516,1.067,106.661
681,2013,Albany,15,64,-4.5,1.5,0.543,0.2,11.678,70.58824,1.022,102.015
682,2013,Arizona,6,16,4.6,20.6,0.91,89.719,26.545,78.125,1.089,108.948
683,2013,Belmont,11,64,0.1,14.0,0.83,12.834,15.327,80.0,1.123,112.45
684,2013,Boise St.,13,68,-0.2,14.3,0.829,0.423,25.683,65.51724,1.067,107.066
685,2013,Bucknell,11,64,1.0,12.4,0.808,1.731,13.42,84.375,1.075,107.665
686,2013,Butler,6,32,4.7,15.7,0.856,60.376,29.694,75.75758,1.055,105.585
687,2013,California,12,32,0.5,11.9,0.798,60.347,27.791,64.51613,1.014,101.459
688,2013,Cincinnati,10,64,1.7,17.0,0.884,45.606,29.557,66.66667,1.014,100.726
689,2013,Colorado,10,64,1.4,14.8,0.85,58.643,29.032,65.625,1.021,101.747
690,2013,Colorado St.,8,32,1.9,18.1,0.877,33.913,23.522,74.19355,1.124,112.595
691,2013,Creighton,7,32,3.5,22.5,0.919,38.512,22.691,79.41176,1.158,115.805
692,2013,Davidson,14,64,-1.4,11.3,0.775,23.91,13.113,78.125,1.127,112.788
693,2013,Duke,2,8,7.5,26.7,0.95,84.2,29.848,84.375,1.14,114.451
694,2013,Florida,3,8,4.1,32.0,0.975,74.049,24.664,78.78788,1.143,114.451
695,2013,Florida Gulf Coast,15,16,-4.0,4.5,0.627,10.319,14.203,68.75,1.034,103.586
696,2013,Georgetown,2,64,6.6,22.2,0.936,83.628,31.664,80.64516,1.025,102.315
697,2013,Gonzaga,1,32,7.6,29.1,0.961,33.185,22.395,93.75,1.181,117.92
698,2013,Harvard,14,32,-2.6,5.9,0.659,23.885,17.558,66.66667,1.065,106.623
699,2013,Illinois,7,32,2.4,16.1,0.86,73.254,36.349,62.5,1.042,104.028
700,2013,Indiana,1,16,7.8,32.6,0.972,80.895,32.801,81.81818,1.176,117.425
701,2013,Iona,15,64,-5.9,8.8,0.716,22.901,15.075,60.60606,1.119,112.06
702,2013,Iowa St.,10,32,0.7,17.0,0.862,48.784,27.483,66.66667,1.116,111.897
703,2013,James Madison,16,64,-8.9,-1.7,0.451,18.227,10.325,58.82353,1.006,100.486
704,2013,Kansas,1,16,7.5,26.3,0.956,78.41,27.947,85.29412,1.099,109.623
705,2013,Kansas St.,4,64,5.4,18.4,0.887,59.851,29.676,78.78788,1.078,107.869
706,2013,La Salle,13,16,0.3,14.3,0.833,25.678,23.333,70.0,1.072,107.345
707,2013,Liberty,16,68,-15.6,-10.0,0.247,0.2,10.16,37.5,1.009,100.693
708,2013,LIU Brooklyn,16,68,-8.6,-3.1,0.42,9.265,9.217,60.60606,1.122,112.364
709,2013,Louisville,1,1,9.0,29.1,0.969,70.481,31.558,85.29412,1.085,108.622
710,2013,Marquette,3,8,4.5,19.2,0.894,71.951,31.449,74.19355,1.066,106.292
711,2013,Memphis,6,32,4.5,16.5,0.872,72.385,18.445,88.23529,1.079,107.78
712,2013,Miami FL,2,16,6.3,20.9,0.917,61.939,27.681,81.81818,1.083,108.209
713,2013,Michigan,4,2,6.2,25.4,0.939,74.354,32.68,78.125,1.157,115.602
714,2013,Michigan St.,3,16,6.7,21.3,0.922,87.215,37.025,75.0,1.053,105.282
715,2013,Middle Tennessee,11,68,0.7,14.8,0.851,13.326,12.743,84.84848,1.074,107.45
716,2013,Minnesota,11,32,2.1,20.7,0.912,46.837,34.85,62.5,1.076,107.623
717,2013,Mississippi,12,32,1.6,13.8,0.824,66.788,21.197,76.47059,1.087,108.453
718,2013,Missouri,9,64,1.2,17.7,0.877,60.673,26.096,69.69697,1.109,111.014
719,2013,Montana,13,64,-1.4,1.3,0.536,13.694,11.573,79.31034,1.083,108.559
720,2013,New Mexico,3,64,6.9,15.8,0.864,28.854,25.971,85.29412,1.034,103.444
721,2013,New Mexico St.,13,64,-3.1,7.9,0.714,18.788,14.948,69.69697,1.034,103.371
722,2013,North Carolina,8,32,2.5,17.2,0.875,89.557,29.188,69.69697,1.062,106.13
723,2013,North Carolina A&T,16,64,-11.5,-5.0,0.351,0.2,9.659,52.94118,0.92,92.0001
724,2013,North Carolina St.,8,64,2.2,17.5,0.869,88.25,27.234,70.58824,1.125,112.277
725,2013,Northwestern St.,14,64,-3.2,3.0,0.583,0.2,12.973,70.37037,1.06,105.923
726,2013,Notre Dame,7,64,3.9,18.2,0.88,75.953,29.503,73.52941,1.104,110.33
727,2013,Ohio St.,2,8,7.2,24.1,0.94,82.682,34.432,78.78788,1.086,108.622
728,2013,Oklahoma,10,64,0.3,14.4,0.835,58.608,27.937,64.51613,1.055,105.529
729,2013,Oklahoma St.,5,64,3.2,19.5,0.908,72.871,26.462,75.0,1.056,105.782
730,2013,Oregon,12,16,2.9,14.6,0.851,45.898,23.326,76.47059,1.024,102.319
731,2013,Pacific,15,64,-5.1,4.7,0.628,1.732,15.835,62.5,1.054,105.769
732,2013,Pittsburgh,8,64,3.1,22.8,0.929,83.195,27.112,75.0,1.143,114.701
733,2013,Saint Louis,4,32,3.8,19.3,0.906,16.692,21.79,81.81818,1.055,106.054
734,2013,Saint Mary's,11,64,2.5,18.4,0.881,20.444,19.997,81.25,1.157,115.552
735,2013,San Diego St.,7,32,0.4,16.8,0.88,33.671,25.928,66.66667,1.024,102.521
736,2013,South Dakota St.,13,64,-3.2,5.8,0.651,8.145,13.855,70.96774,1.121,112.436
737,2013,Southern,16,64,-5.7,-1.4,0.459,10.29,8.266,68.96552,1.019,101.742
738,2013,Syracuse,4,4,5.1,23.5,0.935,74.073,31.803,74.28571,1.08,107.714
739,2013,Temple,9,32,1.5,12.5,0.8,30.212,24.902,71.875,1.072,107.056
740,2013,UCLA,6,64,3.3,15.9,0.856,92.53,26.831,73.52941,1.059,105.896
741,2013,UNLV,5,64,1.8,16.6,0.877,72.603,24.074,72.72727,1.028,102.694
742,2013,Valparaiso,14,64,-0.8,10.1,0.756,25.855,13.999,78.125,1.094,109.365
743,2013,VCU,5,32,2.6,21.4,0.917,39.731,22.954,76.47059,1.116,111.348
744,2013,Villanova,9,64,0.3,13.8,0.835,73.986,32.168,59.375,0.988,98.7296
745,2013,Western Kentucky,16,64,-8.4,-1.1,0.468,19.116,14.863,55.88235,0.998,100.071
746,2013,Wichita St.,9,4,2.2,16.2,0.867,6.608,22.177,76.47059,1.072,107.139
747,2013,Wisconsin,5,64,4.6,22.7,0.937,59.918,37.133,67.64706,1.052,105.017
748,2012,Alabama,9,64,1.5,16.9,0.883,84.233,26.959,65.625,1.022,100.89
749,2012,Baylor,3,8,7.0,20.8,0.91,60.038,30.445,78.78788,1.103,109.239
750,2012,Belmont,14,64,0.8,16.6,0.857,14.906,15.656,78.78788,1.174,116.677
751,2012,BYU,14,64,0.3,12.9,0.818,12.537,17.804,74.19355,1.081,106.886
752,2012,California,12,68,1.8,17.8,0.884,56.148,22.077,72.72727,1.078,106.953
753,2012,Cincinnati,6,16,3.1,16.5,0.869,59.329,26.957,70.58824,1.056,104.228
754,2012,Colorado,11,32,-0.3,10.0,0.761,46.976,22.136,65.625,1.012,100.481
755,2012,Colorado St.,11,64,-1.0,9.0,0.724,17.155,21.586,64.51613,1.088,107.675
756,2012,Connecticut,9,64,0.5,16.0,0.858,66.842,28.532,60.60606,1.061,104.789
757,2012,Creighton,8,32,4.7,16.6,0.85,35.4,19.015,84.84848,1.178,116.334
758,2012,Davidson,13,64,-0.4,11.9,0.787,26.31,14.315,77.41935,1.121,111.513
759,2012,Detroit,15,64,-5.2,3.8,0.603,43.165,14.806,60.60606,1.06,104.586
760,2012,Duke,2,64,8.0,21.8,0.914,74.552,30.241,81.81818,1.126,111.949
761,2012,Florida,7,8,3.1,22.4,0.914,83.164,29.274,69.69697,1.159,114.131
762,2012,Florida St.,3,32,4.3,18.4,0.899,71.293,28.697,72.72727,1.024,101.246
763,2012,Georgetown,3,32,4.7,20.8,0.917,86.738,30.075,73.33333,1.063,104.701
764,2012,Gonzaga,7,32,2.1,16.3,0.862,40.784,16.61,80.64516,1.104,109.509
765,2012,Harvard,12,64,2.2,14.3,0.839,22.898,13.314,86.2069,1.068,105.296
766,2012,Indiana,4,16,5.9,22.6,0.918,76.334,30.826,75.75758,1.155,113.78
767,2012,Iona,14,68,0.0,11.5,0.773,17.057,13.603,78.125,1.157,114.896
768,2012,Iowa St.,8,32,2.0,15.9,0.855,63.108,26.236,68.75,1.082,107.615
769,2012,Kansas,2,2,8.3,26.6,0.954,72.255,30.956,81.81818,1.108,109.926
770,2012,Kansas St.,8,32,2.2,16.4,0.869,47.44,27.769,67.74194,1.051,103.96
771,2012,Kentucky,1,1,11.3,31.2,0.97,95.267,27.605,94.11765,1.163,115.593
772,2012,Lamar,16,68,-4.3,4.3,0.619,0.87,15.047,65.625,1.055,104.793
773,2012,Lehigh,15,32,-1.3,7.9,0.708,4.923,12.009,78.125,1.099,108.789
774,2012,LIU Brooklyn,16,64,-2.6,1.2,0.532,11.914,9.99,75.75758,1.089,107.715
775,2012,Long Beach St.,12,64,0.9,12.5,0.804,9.819,20.418,74.19355,1.089,108.674
776,2012,Louisville,4,4,5.6,17.8,0.897,73.332,29.249,74.28571,1.006,99.3696
777,2012,Loyola MD,15,64,-1.5,3.3,0.593,20.388,13.469,75.0,1.038,102.811
778,2012,Marquette,3,16,6.2,19.0,0.897,52.745,28.97,78.125,1.077,106.246
779,2012,Memphis,8,64,3.0,20.5,0.91,80.817,21.423,76.47059,1.107,109.124
780,2012,Michigan,4,64,6.4,18.4,0.885,59.445,35.211,71.875,1.076,106.783
781,2012,Michigan St.,1,16,8.7,26.0,0.953,67.935,34.349,79.41176,1.101,108.631
782,2012,Mississippi Valley St.,16,68,-4.9,-9.3,0.256,5.127,15.977,63.63636,0.978,97.1241
783,2012,Missouri,2,64,8.8,27.4,0.946,56.368,26.073,88.23529,1.205,119.558
784,2012,Montana,13,64,-1.7,6.2,0.675,24.191,8.906,79.31034,1.066,106.065
785,2012,Murray St.,6,32,3.8,13.3,0.819,4.462,10.654,96.42857,1.112,110.289
786,2012,New Mexico,5,32,2.9,19.2,0.903,42.692,17.632,81.25,1.089,107.652
787,2012,New Mexico St.,13,64,-2.0,8.7,0.728,16.361,13.259,72.72727,1.091,108.125
788,2012,Norfolk St.,15,32,-2.8,-2.1,0.439,2.297,10.649,75.0,1.005,99.7367
789,2012,North Carolina,1,8,8.4,26.2,0.95,91.131,27.923,85.29412,1.126,111.181
790,2012,North Carolina St.,11,16,0.5,14.5,0.833,66.243,25.85,64.70588,1.077,106.777
791,2012,Notre Dame,7,64,2.3,11.7,0.789,73.672,28.605,66.66667,1.062,104.73
792,2012,Ohio,13,16,0.3,10.8,0.779,37.553,13.978,78.78788,1.043,103.565
793,2012,Ohio St.,2,4,7.9,30.0,0.97,87.821,31.751,79.41176,1.121,110.99
794,2012,Purdue,10,32,1.9,17.0,0.863,75.327,30.358,63.63636,1.117,110.206
795,2012,Saint Louis,9,32,2.8,21.4,0.922,30.227,20.497,77.41935,1.091,107.991
796,2012,Saint Mary's,7,64,2.8,14.3,0.828,20.933,17.195,83.33333,1.14,112.819
797,2012,San Diego St.,6,64,2.9,10.7,0.775,30.659,21.466,77.41935,1.041,102.874
798,2012,South Dakota St.,14,64,-0.6,11.0,0.767,5.666,12.437,78.125,1.145,113.407
799,2012,South Florida,12,32,0.1,10.5,0.779,31.296,28.86,59.375,0.978,96.7684
800,2012,Southern Miss,9,64,1.2,11.5,0.78,18.502,18.877,74.19355,1.072,106.074
801,2012,St. Bonaventure,14,64,-1.1,12.7,0.807,4.592,21.028,64.51613,1.073,106.567
802,2012,Syracuse,1,8,10.9,25.3,0.945,80.128,26.368,93.93939,1.132,111.423
803,2012,Temple,5,64,4.2,16.8,0.864,25.26,24.848,76.66667,1.092,108.984
804,2012,Texas,11,64,0.9,14.7,0.837,83.811,30.593,60.60606,1.086,107.097
805,2012,UNC Asheville,16,64,-3.3,2.8,0.576,4.116,12.309,70.0,1.114,110.746
806,2012,UNLV,6,64,2.8,17.0,0.875,64.975,23.486,75.0,1.08,106.341
807,2012,Vanderbilt,5,32,4.0,21.2,0.914,85.14,29.822,70.58824,1.096,108.703
808,2012,VCU,12,32,2.2,13.1,0.82,36.77,15.249,82.35294,1.042,103.222
809,2012,Vermont,16,64,-5.5,2.5,0.571,8.069,10.413,67.64706,1.054,104.305
810,2012,Virginia,10,64,2.0,16.7,0.882,59.204,24.63,70.96774,1.029,101.817
811,2012,West Virginia,10,64,-0.1,15.4,0.848,65.605,27.223,59.375,1.073,105.415
812,2012,Western Kentucky,16,64,-10.3,-3.1,0.41,33.406,14.83,45.45455,0.949,94.0697
813,2012,Wichita St.,5,64,4.4,23.3,0.93,13.827,19.263,83.87097,1.135,112.528
814,2012,Wisconsin,4,16,5.0,23.2,0.938,58.91,30.936,72.72727,1.075,106.658
815,2012,Xavier,10,16,0.7,11.6,0.791,65.926,26.514,63.63636,1.033,102.486
816,2011,Akron,15,64,-5.6,2.8,0.58,11.594,13.032,64.70588,1.029,103.175
817,2011,Alabama St.,16,68,-13.0,-15.5,0.139,0.2,8.673,46.875,0.926,92.1392
818,2011,Arizona,5,8,4.7,20.0,0.899,73.308,25.335,79.41176,1.126,112.742
819,2011,Belmont,13,64,1.0,17.6,0.88,12.798,10.427,88.23529,1.148,114.765
820,2011,Boston University,16,64,-7.6,-1.7,0.453,5.779,11.596,61.76471,1.037,103.323
821,2011,Bucknell,14,64,-2.2,7.2,0.696,8.013,12.621,75.75758,1.065,106.365
822,2011,Butler,8,2,-0.4,15.1,0.842,45.189,20.08,70.96774,1.095,109.473
823,2011,BYU,3,16,7.2,22.5,0.922,23.025,24.953,87.87879,1.133,112.665
824,2011,Cincinnati,6,32,3.4,18.4,0.894,64.106,26.215,75.75758,1.077,106.907
825,2011,Clemson,12,64,0.7,17.3,0.881,53.197,27.126,65.625,1.041,103.467
826,2011,Connecticut,3,1,7.0,19.9,0.901,62.489,35.894,74.28571,1.092,108.613
827,2011,Duke,1,16,9.5,29.4,0.964,77.815,29.3,88.23529,1.149,114.459
828,2011,Florida,2,8,5.3,19.2,0.894,83.511,28.23,78.78788,1.1,109.694
829,2011,Florida St.,10,16,1.2,14.1,0.849,76.219,27.172,67.74194,0.991,99.0533
830,2011,George Mason,8,32,1.1,16.4,0.862,36.183,15.383,81.25,1.127,112.378
831,2011,Georgetown,6,64,4.4,18.4,0.884,86.327,35.555,67.74194,1.09,107.862
832,2011,Georgia,10,64,0.2,14.3,0.836,52.729,26.274,65.625,1.04,103.602
833,2011,Gonzaga,11,32,0.3,16.3,0.865,36.501,21.413,71.875,1.105,110.305
834,2011,Hampton,16,64,-5.6,-4.2,0.376,10.853,5.179,74.19355,0.98,97.3629
835,2011,Illinois,9,32,1.6,21.9,0.922,69.318,35.021,59.375,1.071,106.76
836,2011,Indiana St.,14,64,-4.2,6.5,0.681,6.725,19.995,59.375,1.002,100.042
837,2011,Kansas,1,8,10.2,30.6,0.967,76.479,26.504,94.11765,1.169,116.525
838,2011,Kansas St.,5,32,2.0,18.0,0.889,43.162,29.925,67.74194,1.053,105.024
839,2011,Kentucky,4,4,5.2,26.2,0.947,86.899,30.75,75.75758,1.139,113.602
840,2011,Little Rock,16,68,-11.1,-5.3,0.355,0.2,9.995,51.51515,1.017,101.781
841,2011,LIU Brooklyn,15,64,-1.2,3.6,0.598,4.03,7.968,84.375,1.096,110.06
842,2011,Louisville,4,64,4.7,21.7,0.924,60.093,30.743,73.52941,1.091,107.678
843,2011,Marquette,11,16,0.8,18.1,0.877,24.152,33.868,58.82353,1.111,110.602
844,2011,Memphis,12,64,0.0,7.3,0.699,62.75,19.129,73.52941,1.031,102.813
845,2011,Michigan,8,32,1.9,15.7,0.855,58.01,36.499,59.375,1.051,105.662
846,2011,Michigan St.,10,64,2.3,14.6,0.842,83.395,40.022,56.25,1.026,102.307
847,2011,Missouri,11,64,1.4,16.7,0.864,54.624,27.072,68.75,1.104,109.681
848,2011,Morehead St.,13,32,-3.6,4.9,0.636,6.997,13.533,70.0,1.062,105.992
849,2011,North Carolina,2,8,7.4,21.1,0.92,91.173,33.486,78.78788,1.06,105.296
850,2011,Northern Colorado,15,64,-4.6,3.7,0.602,7.93,13.609,65.51724,1.067,106.39
851,2011,Notre Dame,2,32,7.8,25.6,0.938,57.624,33.256,81.25,1.165,115.826
852,2011,Oakland,13,64,0.3,12.5,0.789,12.834,21.674,72.72727,1.171,116.945
853,2011,Ohio St.,1,16,12.0,33.2,0.974,91.348,31.137,94.11765,1.194,119.336
854,2011,Old Dominion,9,64,2.3,12.7,0.809,6.944,17.783,81.81818,1.084,107.864
855,2011,Penn St.,10,64,1.7,14.5,0.833,45.528,37.339,57.57576,1.053,105.586
856,2011,Pittsburgh,1,32,7.6,26.5,0.948,80.027,29.684,84.375,1.162,116.073
857,2011,Princeton,13,64,-0.3,8.1,0.715,12.151,13.655,80.0,1.069,106.251
858,2011,Purdue,3,32,7.2,23.9,0.938,77.588,34.119,78.125,1.096,109.276
859,2011,Richmond,12,16,1.8,14.5,0.835,19.193,18.354,79.41176,1.093,108.788
860,2011,Saint Peter's,14,64,-5.9,2.1,0.565,2.161,15.033,60.60606,0.933,92.8353
861,2011,San Diego St.,2,16,8.7,22.4,0.928,41.701,24.555,93.75,1.109,110.503
862,2011,St. John's,6,64,3.2,17.1,0.875,38.382,34.3,65.625,1.051,105.155
863,2011,Syracuse,3,32,6.2,21.6,0.919,80.006,31.253,78.125,1.107,110.378
864,2011,Temple,7,32,2.1,15.7,0.859,27.287,20.89,78.125,1.068,107.186
865,2011,Tennessee,9,64,-1.1,15.3,0.85,44.927,29.673,57.57576,1.043,103.67
866,2011,Texas,4,32,5.4,26.0,0.952,87.745,27.862,79.41176,1.097,109.459
867,2011,Texas A&M,7,64,2.4,13.2,0.818,69.642,25.412,74.19355,1.067,106.504
868,2011,UAB,12,68,-0.2,12.2,0.799,32.272,18.86,73.33333,1.066,106.758
869,2011,UC Santa Barbara,15,64,-6.8,2.9,0.582,12.559,15.425,55.17241,1.027,102.863
870,2011,UCLA,7,32,1.4,13.6,0.827,77.947,26.572,68.75,1.036,103.484
871,2011,UNC Asheville,16,64,-8.1,-0.6,0.483,3.853,12.978,55.17241,1.01,101.445
872,2011,UNLV,8,64,2.8,18.9,0.898,60.906,25.625,75.0,1.062,106.286
873,2011,USC,11,68,-1.6,14.2,0.837,60.319,28.034,57.57576,1.033,103.258
874,2011,Utah St.,12,64,3.7,18.6,0.895,21.428,14.937,90.625,1.106,110.473
875,2011,UTSA,16,64,-9.2,-3.7,0.398,11.623,8.721,55.17241,1.026,102.713
876,2011,Vanderbilt,5,64,1.8,18.1,0.879,81.31,26.811,69.69697,1.108,110.92
877,2011,VCU,11,4,-2.0,8.2,0.711,50.027,18.893,67.64706,1.082,107.434
878,2011,Villanova,9,64,1.5,18.6,0.885,91.766,29.148,65.625,1.099,109.562
879,2011,Washington,7,32,1.9,22.2,0.919,72.558,26.105,69.69697,1.147,113.938
880,2011,West Virginia,5,32,3.1,20.0,0.903,51.905,34.766,64.51613,1.087,107.683
881,2011,Wisconsin,4,16,5.9,26.1,0.942,66.994,34.801,74.19355,1.185,118.524
882,2011,Wofford,14,64,-4.6,7.8,0.699,8.499,16.242,63.63636,1.12,112.3
883,2011,Xavier,6,64,2.4,14.9,0.84,69.842,21.915,77.41935,1.094,109.395
884,2010,Arkansas Pine Bluff,16,64,-8.0,-7.0,0.3,0.2,18.903,51.6129,0.934,93.2166
885,2010,Baylor,3,8,5.6,22.7,0.921,62.004,33.152,77.41935,1.13,112.779
886,2010,Butler,5,2,4.5,18.6,0.895,31.589,20.638,87.5,1.083,108.722
887,2010,BYU,7,32,4.0,23.9,0.934,27.091,21.607,84.84848,1.162,115.54
888,2010,California,8,32,1.7,22.8,0.919,54.719,28.292,69.69697,1.139,114.155
889,2010,Clemson,7,64,1.5,20.1,0.912,61.661,30.403,67.74194,1.047,104.512
890,2010,Cornell,12,16,1.9,13.1,0.803,1.23,16.574,86.2069,1.139,113.894
891,2010,Duke,1,1,8.4,31.1,0.97,88.055,31.735,85.29412,1.155,114.554
892,2010,East Tennessee St.,16,64,-8.1,1.1,0.532,16.46,13.94,57.57576,0.999,100.26
893,2010,Florida,10,64,0.0,15.3,0.845,89.841,29.304,63.63636,1.074,107.29
894,2010,Florida St.,9,64,2.8,17.9,0.898,83.764,31.177,70.96774,1.008,100.334
895,2010,Georgetown,3,64,4.3,22.2,0.922,87.834,35.728,69.69697,1.102,110.137
896,2010,Georgia Tech,10,32,1.3,18.4,0.893,83.706,33.163,63.63636,1.024,102.079
897,2010,Gonzaga,8,32,2.5,17.3,0.875,51.509,22.1,80.64516,1.103,110.661
898,2010,Houston,13,64,-6.4,9.5,0.736,23.414,20.266,54.54545,1.093,109.115
899,2010,Kansas,1,32,11.7,31.4,0.97,85.29,33.083,94.11765,1.168,115.923
900,2010,Kansas St.,2,8,6.8,25.4,0.946,43.295,35.3,78.125,1.1,109.484
901,2010,Kentucky,1,8,8.6,24.9,0.945,90.246,24.373,94.11765,1.12,111.703
902,2010,Lehigh,16,64,-6.8,-2.2,0.44,10.619,7.914,68.75,1.066,107.245
903,2010,Louisville,9,64,-0.1,17.3,0.868,78.786,30.501,62.5,1.111,110.269
904,2010,Marquette,6,64,1.8,19.9,0.901,17.888,31.568,66.66667,1.117,111.318
905,2010,Maryland,4,32,3.3,21.5,0.914,75.457,30.926,73.33333,1.115,111.617
906,2010,Michigan St.,5,4,3.5,19.5,0.901,87.758,28.984,75.0,1.088,108.383
907,2010,Minnesota,11,64,-0.3,19.8,0.902,60.317,30.379,61.76471,1.094,108.613
908,2010,Missouri,10,32,1.6,20.3,0.912,48.074,29.614,68.75,1.079,107.124
909,2010,Montana,14,64,-4.6,4.0,0.611,21.883,11.471,68.96552,1.093,108.574
910,2010,Morgan St.,15,64,-3.9,0.4,0.511,0.2,11.49,75.0,1.081,107.806
911,2010,Murray St.,13,32,0.0,11.6,0.791,12.64,9.836,87.5,1.124,112.056
912,2010,New Mexico,3,32,4.9,17.9,0.876,49.461,21.234,87.87879,1.122,111.766
913,2010,New Mexico St.,12,64,-2.3,3.7,0.598,19.361,21.528,65.625,1.086,108.915
914,2010,North Texas,15,64,-3.9,-1.5,0.458,20.119,10.93,73.33333,1.05,104.924
915,2010,Northern Iowa,9,16,3.7,17.5,0.886,12.129,18.366,87.5,1.066,106.921
916,2010,Notre Dame,6,64,0.5,19.0,0.88,57.766,27.053,67.64706,1.169,116.815
917,2010,Oakland,14,64,-1.1,3.1,0.585,15.114,18.062,75.0,1.075,106.79
918,2010,Ohio,14,32,-7.8,5.5,0.652,24.434,13.908,58.82353,1.046,104.266
919,2010,Ohio St.,2,16,5.7,24.7,0.94,77.427,30.606,79.41176,1.136,113.734
920,2010,Oklahoma St.,7,64,1.8,18.9,0.893,59.468,30.206,68.75,1.073,107.342
921,2010,Old Dominion,11,32,0.6,17.1,0.882,4.171,20.316,76.47059,1.065,105.817
922,2010,Pittsburgh,3,32,3.6,17.7,0.883,68.381,29.605,75.0,1.073,106.642
923,2010,Purdue,4,16,6.6,22.5,0.933,73.138,29.198,84.375,1.069,106.707
924,2010,Richmond,7,64,2.6,14.6,0.845,22.243,24.758,76.47059,1.042,103.465
925,2010,Robert Morris,15,64,-6.5,-2.6,0.426,7.912,10.542,67.64706,1.013,100.862
926,2010,Saint Mary's,10,16,1.9,17.9,0.875,22.783,17.876,83.33333,1.167,116.162
927,2010,Sam Houston St.,14,64,-2.5,7.5,0.692,2.044,12.73,75.0,1.125,111.74
928,2010,San Diego St.,11,64,1.3,15.3,0.849,48.75,24.05,74.19355,1.08,107.887
929,2010,Siena,13,64,0.9,12.5,0.804,13.214,16.852,81.81818,1.074,106.943
930,2010,Syracuse,1,16,7.5,26.9,0.953,56.087,28.835,87.5,1.14,114.239
931,2010,Temple,5,64,5.3,19.5,0.912,31.121,23.817,85.29412,1.039,103.886
932,2010,Tennessee,6,8,3.9,17.2,0.883,51.85,29.253,75.75758,1.042,103.24
933,2010,Texas,8,64,3.9,21.3,0.917,85.262,31.848,72.72727,1.095,108.636
934,2010,Texas A&M,5,32,4.4,19.4,0.901,77.137,35.891,70.96774,1.066,107.13
935,2010,UC Santa Barbara,15,64,-4.1,2.7,0.579,8.349,13.504,67.85714,0.996,99.8584
936,2010,UNLV,8,64,1.0,17.3,0.879,51.719,22.024,75.0,1.071,107.214
937,2010,Utah St.,12,64,-0.4,20.2,0.902,9.11,15.1,78.78788,1.172,117.043
938,2010,UTEP,12,64,2.1,17.5,0.886,23.484,19.818,81.25,1.071,106.576
939,2010,Vanderbilt,4,64,3.2,18.1,0.881,72.84,29.018,74.19355,1.1,109.144
940,2010,Vermont,16,64,-5.1,2.0,0.557,26.761,8.712,73.52941,1.041,104.818
941,2010,Villanova,2,32,5.5,22.9,0.923,89.439,33.157,77.41935,1.138,113.54
942,2010,Wake Forest,9,32,1.0,15.1,0.853,78.599,30.998,65.51724,1.014,100.586
943,2010,Washington,11,16,1.2,18.0,0.884,80.577,24.044,72.72727,1.089,108.203
944,2010,West Virginia,2,4,8.0,24.3,0.936,69.372,34.312,81.81818,1.124,111.763
945,2010,Winthrop,16,68,-8.7,-5.5,0.335,12.3,11.305,56.66667,0.93,92.626
946,2010,Wisconsin,4,32,3.9,25.8,0.949,73.327,31.074,74.19355,1.116,111.356
947,2010,Wofford,13,64,-1.9,9.0,0.74,9.27,14.561,75.75758,1.051,104.328
948,2010,Xavier,6,16,2.8,19.6,0.897,54.813,27.451,75.0,1.111,110.624
949,2009,Akron,13,64,-5.4,7.1,0.698,1.37,14.565,64.70588,1.01,100.99
950,2009,Alabama St.,16,68,-5.1,-3.0,0.416,0.201,10.21,68.96552,1.039,105.013
951,2009,American,14,64,-2.3,3.6,0.601,8.688,11.588,77.41935,1.041,104.872
952,2009,Arizona,12,16,0.8,16.5,0.853,80.614,33.867,59.375,1.114,111.384
953,2009,Arizona St.,6,32,4.8,24.3,0.935,46.257,32.67,72.72727,1.13,113.584
954,2009,Binghamton,15,64,-4.5,-1.1,0.469,1.026,8.089,73.33333,1.026,103.334
955,2009,Boston College,7,64,0.5,13.0,0.805,56.026,26.908,66.66667,1.096,110.121
956,2009,Butler,9,64,2.4,15.3,0.852,30.264,18.098,83.33333,1.067,106.663
957,2009,BYU,8,64,2.3,21.3,0.916,31.099,22.349,77.41935,1.117,111.601
958,2009,Cal St. Northridge,15,64,-6.7,4.7,0.634,6.747,16.261,55.17241,1.023,101.819
959,2009,California,7,64,3.2,18.6,0.882,60.144,32.972,68.75,1.115,112.094
960,2009,Chattanooga,16,64,-9.4,-3.5,0.405,7.512,16.373,50.0,1.041,105.072
961,2009,Clemson,7,64,2.7,20.9,0.908,56.969,26.706,74.19355,1.117,111.849
962,2009,Cleveland St.,13,32,-1.4,10.5,0.777,14.271,20.688,68.75,1.006,100.705
963,2009,Connecticut,1,4,8.7,27.6,0.96,82.019,32.844,87.09677,1.11,111.344
964,2009,Cornell,14,64,-4.8,5.5,0.648,0.507,11.397,67.85714,1.087,109.048
965,2009,Dayton,11,32,1.1,9.6,0.759,49.618,18.192,78.78788,1.018,102.337
966,2009,Duke,2,16,7.8,26.2,0.949,93.797,31.839,82.35294,1.118,111.86
967,2009,East Tennessee St.,16,64,-5.9,4.0,0.611,3.021,8.955,68.75,1.067,107.79
968,2009,Florida St.,5,64,5.0,14.4,0.847,81.218,32.5,73.52941,1.002,100.327
969,2009,Gonzaga,4,16,4.4,25.7,0.949,79.37,24.529,83.33333,1.139,114.842
970,2009,Illinois,5,64,3.8,19.0,0.906,52.338,30.507,72.72727,1.021,101.817
971,2009,Kansas,3,16,5.4,23.8,0.936,78.001,30.532,78.125,1.106,110.702
972,2009,Louisville,1,8,8.0,25.3,0.953,81.722,31.05,84.84848,1.064,105.801
973,2009,LSU,8,32,2.4,15.4,0.849,44.729,21.393,78.78788,1.091,108.799
974,2009,Marquette,6,32,3.4,21.6,0.914,52.618,29.86,72.72727,1.125,113.189
975,2009,Maryland,10,32,0.1,13.3,0.821,71.963,31.613,60.60606,1.026,103.206
976,2009,Memphis,2,16,6.9,27.6,0.966,77.707,22.225,91.17647,1.086,108.992
977,2009,Michigan,10,32,0.9,14.7,0.838,59.63,34.356,59.375,1.048,105.636
978,2009,Michigan St.,2,2,7.4,22.2,0.927,86.671,32.393,81.25,1.079,108.114
979,2009,Minnesota,10,64,1.8,15.2,0.855,46.808,29.811,67.74194,1.03,103.143
980,2009,Mississippi St.,13,64,-1.7,12.0,0.797,54.918,22.65,64.70588,1.041,104.167
981,2009,Missouri,3,8,6.1,24.3,0.94,42.029,27.671,82.35294,1.116,111.229
982,2009,Morehead St.,16,64,-9.3,-2.3,0.435,2.346,13.25,53.125,1.03,103.511
983,2009,Morgan St.,15,64,-5.8,0.2,0.506,0.2,12.038,66.66667,1.011,101.262
984,2009,North Carolina,1,1,7.7,28.7,0.957,92.496,28.827,87.09677,1.177,117.352
985,2009,North Dakota St.,14,64,-0.8,10.6,0.759,0.2,12.589,80.0,1.145,114.666
986,2009,Northern Iowa,12,64,-1.7,8.8,0.726,10.427,18.798,68.75,1.075,108.346
987,2009,Ohio St.,8,64,3.2,16.6,0.864,73.284,32.583,68.75,1.067,107.872
988,2009,Oklahoma,2,8,7.4,23.6,0.929,73.817,29.932,84.375,1.139,113.677
989,2009,Oklahoma St.,8,32,2.7,18.6,0.884,70.135,33.197,66.66667,1.111,111.321
990,2009,Pittsburgh,1,8,8.6,29.4,0.961,58.631,32.564,87.09677,1.159,116.603
991,2009,Portland St.,13,64,-3.9,4.1,0.611,6.778,13.308,68.96552,1.083,109.386
992,2009,Purdue,5,16,3.9,21.8,0.929,71.088,29.523,73.52941,1.045,105.14
993,2009,Radford,16,64,-6.6,-1.6,0.454,0.657,11.592,62.06897,1.025,102.444
994,2009,Robert Morris,15,64,-5.1,1.7,0.549,0.2,11.063,70.58824,1.047,104.604
995,2009,Siena,9,32,0.1,11.4,0.781,12.159,16.254,78.78788,1.074,107.494
996,2009,Stephen F. Austin,14,64,-2.5,5.9,0.675,0.216,11.765,74.07407,0.979,97.6695
997,2009,Syracuse,3,16,5.9,22.2,0.921,72.695,35.819,73.52941,1.096,109.274
998,2009,Temple,11,64,-0.5,13.5,0.824,26.439,24.383,66.66667,1.053,105.848
999,2009,Tennessee,9,64,1.2,17.8,0.876,51.315,31.113,63.63636,1.093,109.2
1000,2009,Texas,7,32,2.6,19.0,0.899,72.157,32.491,66.66667,1.062,106.538
1001,2009,Texas A&M,9,32,1.9,14.4,0.833,64.074,27.139,70.96774,1.078,107.478
1002,2009,UCLA,6,32,4.5,26.6,0.947,79.037,29.438,75.75758,1.154,115.929
1003,2009,USC,10,32,2.5,17.8,0.888,70.272,35.137,63.63636,1.042,104.566
1004,2009,Utah,5,64,2.7,17.9,0.885,29.961,25.174,75.0,1.08,107.716
1005,2009,Utah St.,11,64,2.4,14.5,0.825,10.03,13.773,87.87879,1.171,117.558
1006,2009,VCU,11,64,-2.3,12.6,0.807,31.467,14.657,72.72727,1.077,108.317
1007,2009,Villanova,3,4,6.0,21.4,0.919,64.785,31.499,78.78788,1.098,110.17
1008,2009,Wake Forest,4,64,5.1,20.2,0.911,81.319,28.789,80.0,1.078,107.856
1009,2009,Washington,4,32,5.0,21.4,0.921,81.01,31.603,75.0,1.078,108.142
1010,2009,West Virginia,6,64,3.9,24.8,0.944,71.035,35.237,67.64706,1.093,109.806
1011,2009,Western Kentucky,12,32,-2.1,5.9,0.656,8.322,13.931,74.19355,1.088,109.167
1012,2009,Wisconsin,12,32,0.3,17.9,0.88,78.997,31.289,61.29032,1.077,108.415
1013,2009,Xavier,4,16,2.8,18.9,0.898,31.11,23.091,78.125,1.071,107.589
1014,2008,American,15,64,-5.8,0.5,0.514,10.824,11.469,65.625,1.058,106.919
1015,2008,Arizona,10,64,1.5,20.4,0.904,85.102,39.295,56.25,1.088,109.188
1016,2008,Arkansas,9,32,0.5,16.0,0.863,59.525,25.901,66.66667,1.054,106.105
1017,2008,Austin Peay,15,64,-5.3,-1.0,0.472,9.068,9.97,70.58824,1.082,108.306
1018,2008,Baylor,11,64,1.5,16.4,0.855,52.034,29.784,66.66667,1.104,110.184
1019,2008,Belmont,15,64,-3.5,0.5,0.514,12.009,9.728,75.0,1.085,109.9
1020,2008,Boise St.,14,64,-2.4,3.6,0.598,1.289,11.798,75.0,1.089,109.984
1021,2008,Butler,7,32,4.7,18.9,0.889,11.348,16.476,90.625,1.125,112.905
1022,2008,BYU,8,64,2.5,15.6,0.864,34.988,21.025,79.41176,1.051,105.24
1023,2008,Cal St. Fullerton,14,64,-3.2,7.0,0.682,11.126,10.504,74.19355,1.124,113.516
1024,2008,Clemson,5,64,4.4,23.1,0.932,48.799,32.707,71.875,1.093,109.876
1025,2008,Connecticut,4,64,4.3,20.0,0.901,85.537,29.747,75.0,1.104,110.108
1026,2008,Coppin St.,16,68,-13.0,-15.4,0.14,4.12,16.141,41.17647,0.907,90.6896
1027,2008,Cornell,14,64,-1.2,3.8,0.602,1.326,10.553,80.76923,1.104,111.0
1028,2008,Davidson,10,8,1.5,18.8,0.895,18.502,17.709,80.64516,1.123,113.318
1029,2008,Drake,5,64,5.2,21.7,0.912,2.519,21.783,86.66667,1.141,115.172
1030,2008,Duke,2,32,8.9,28.4,0.961,95.074,34.065,84.375,1.127,112.963
1031,2008,George Mason,12,64,-3.6,10.4,0.76,13.842,13.265,69.69697,1.091,109.991
1032,2008,Georgetown,2,32,7.7,25.2,0.948,71.165,30.985,84.375,1.101,111.212
1033,2008,Georgia,14,64,-3.9,8.2,0.723,57.893,28.873,50.0,1.003,100.968
1034,2008,Gonzaga,7,64,2.1,19.5,0.9,73.8,21.566,78.125,1.103,110.743
1035,2008,Indiana,8,64,4.8,20.5,0.908,52.71,27.986,78.125,1.104,110.581
1036,2008,Kansas,1,1,9.9,35.4,0.982,89.633,30.29,90.90909,1.173,117.53
1037,2008,Kansas St.,11,32,1.0,20.6,0.91,40.016,31.318,63.33333,1.081,108.293
1038,2008,Kent St.,9,64,2.3,12.6,0.809,13.77,17.688,82.35294,1.059,106.008
1039,2008,Kentucky,11,64,-1.1,11.2,0.784,77.136,27.594,60.0,1.027,102.867
1040,2008,Louisville,3,8,4.7,22.9,0.936,83.94,30.593,75.0,1.067,106.523
1041,2008,Marquette,6,32,3.8,23.1,0.933,55.941,31.819,71.875,1.091,109.304
1042,2008,Memphis,1,2,8.9,29.5,0.97,82.995,20.888,97.05882,1.121,112.778
1043,2008,Miami FL,7,32,1.6,15.3,0.847,42.138,28.829,67.74194,1.07,107.232
1044,2008,Michigan St.,5,16,5.1,21.5,0.917,87.079,31.132,75.75758,1.104,110.648
1045,2008,Mississippi St.,8,32,0.6,15.8,0.864,69.445,23.951,68.75,1.046,104.708
1046,2008,Mississippi Valley St.,16,64,-10.0,-15.3,0.141,0.2,12.999,50.0,0.927,93.0497
1047,2008,Mount St. Mary's,16,64,-9.5,-1.8,0.448,7.293,9.636,56.25,1.006,100.76
1048,2008,North Carolina,1,4,11.9,28.4,0.957,90.906,31.561,94.11765,1.149,115.213
1049,2008,Notre Dame,5,32,4.4,20.3,0.902,80.171,28.578,77.41935,1.126,112.861
1050,2008,Oklahoma,6,32,2.8,15.7,0.859,63.704,33.332,66.66667,1.04,103.673
1051,2008,Oral Roberts,13,64,-0.9,9.9,0.763,1.838,16.644,74.19355,1.046,105.196
1052,2008,Oregon,9,64,0.8,16.6,0.852,72.871,35.62,58.06452,1.13,112.417
1053,2008,Pittsburgh,4,32,5.3,20.4,0.902,65.161,33.073,73.52941,1.109,111.22
1054,2008,Portland St.,16,64,-3.4,3.5,0.596,1.355,13.96,70.0,1.088,108.842
1055,2008,Purdue,6,32,3.8,18.5,0.895,66.368,28.915,75.0,1.031,104.211
1056,2008,Saint Joseph's,11,64,-1.2,14.8,0.833,34.745,23.976,63.63636,1.112,112.039
1057,2008,Saint Mary's,10,64,1.2,15.5,0.856,18.126,17.599,80.0,1.097,109.867
1058,2008,San Diego,13,32,-3.9,3.9,0.614,3.734,20.325,60.60606,0.981,98.9013
1059,2008,Siena,13,32,-3.8,6.4,0.671,10.689,13.952,68.75,1.09,108.872
1060,2008,South Alabama,10,64,-0.3,12.3,0.795,21.566,13.287,80.0,1.123,113.078
1061,2008,Stanford,3,16,6.7,22.9,0.934,64.912,33.063,78.78788,1.086,108.798
1062,2008,Temple,12,64,-1.7,11.8,0.785,21.698,22.398,63.63636,1.088,108.934
1063,2008,Tennessee,2,16,9.2,24.1,0.935,57.614,31.749,87.5,1.129,113.093
1064,2008,Texas,2,8,8.4,25.8,0.942,81.767,34.791,81.81818,1.141,113.986
1065,2008,Texas A&M,9,32,3.1,21.3,0.918,61.214,31.167,69.69697,1.075,107.464
1066,2008,UCLA,1,4,10.8,29.5,0.967,78.469,32.362,90.90909,1.129,113.555
1067,2008,UMBC,15,64,-3.0,3.0,0.578,10.4,11.398,74.19355,1.129,113.879
1068,2008,UNLV,8,32,2.2,14.3,0.836,18.883,20.716,78.125,1.055,105.643
1069,2008,USC,6,64,3.6,18.8,0.9,65.854,36.782,65.625,1.035,103.965
1070,2008,UT Arlington,16,64,-7.0,-2.1,0.44,8.575,9.423,60.71429,1.006,100.733
1071,2008,Vanderbilt,4,64,3.8,14.4,0.83,63.746,23.876,78.78788,1.097,110.172
1072,2008,Villanova,12,16,0.3,12.7,0.809,61.386,29.494,62.5,1.053,105.009
1073,2008,Washington St.,4,16,4.9,22.5,0.926,24.685,31.951,75.0,1.114,111.872
1074,2008,West Virginia,7,16,2.6,20.9,0.913,46.742,29.445,69.69697,1.113,111.246
1075,2008,Western Kentucky,12,16,0.2,13.1,0.814,16.148,14.064,80.64516,1.106,110.914
1076,2008,Winthrop,13,64,-4.2,7.3,0.709,4.133,15.705,64.51613,1.014,101.646
1077,2008,Wisconsin,3,16,8.3,27.3,0.961,82.1,28.584,87.87879,1.079,108.495
1078,2008,Xavier,3,8,4.7,22.9,0.928,13.33,23.372,81.81818,1.15,115.214
